date,close,high,low,open,volume,adjClose,adjHigh,adjLow,adjOpen,adjVolume,divCash,splitFactor
2023-01-03T00:00:00.000Z,125.07,130.9,124.17,130.28,112117471,123.3428293209,129.0923191661,122.4552579897,128.4808811379,112117471,0.0,1.0
2023-01-04T00:00:00.000Z,126.36,128.6557,125.08,126.89,89113633,124.6150148955,126.8790121233,123.3526912245,125.1376957905,89113633,0.0,1.0
2023-01-05T00:00:00.000Z,125.02,127.77,124.76,127.13,80962708,123.2935198025,126.0055433144,123.0371103068,125.3743814789,80962708,0.0,1.0
2023-01-06T00:00:00.000Z,129.62,130.29,124.89,126.01,87754715,127.8299954951,128.4907430416,123.1653150546,124.2698482667,87754715,0.0,1.0
2023-01-09T00:00:00.000Z,130.15,133.41,129.89,130.465,70790813,128.3526763901,131.5676569897,128.0962668944,128.663326356,70790813,0.0,1.0
2023-01-10T00:00:00.000Z,130.73,131.2636,128.12,130.26,63896155,128.9246668035,129.4508979839,126.3507099431,128.4611573306,63896155,0.0,1.0
2023-01-11T00:00:00.000Z,133.49,133.51,130.46,131.25,69458949,131.6465522191,131.6662760264,128.6583954042,129.4374857949,69458949,0.0,1.0
2023-01-12T00:00:00.000Z,133.41,134.26,131.44,133.88,71379648,131.5676569897,132.4059188024,129.6248619648,132.0311664626,71379648,0.0,1.0
2023-01-13T00:00:00.000Z,134.76,134.92,131.66,132.03,57809719,132.8990139864,133.0568044453,129.8418238457,130.2067142819,57809719,0.0,1.0
2023-01-17T00:00:00.000Z,135.94,137.29,134.13,134.83,63646627,134.0627186206,135.3940756173,132.2777140546,132.9680473122,63646627,0.0,1.0
2023-01-18T00:00:00.000Z,135.21,138.61,135.03,136.815,69672800,133.342799652,136.695846903,133.1652853857,134.9256351926,69672800,0.0,1.0
2023-01-19T00:00:00.000Z,135.27,136.25,133.77,134.08,58280413,133.4019710741,134.3684376347,131.9226855221,132.2284045362,58280413,0.0,1.0
2023-01-20T00:00:00.000Z,137.87,138.02,134.22,135.28,80223626,135.9660660308,136.1139945859,132.3664711877,133.4118329777,80223626,0.0,1.0
2023-01-23T00:00:00.000Z,141.11,143.315,137.9,138.12,81760313,139.1613228229,141.3358725843,135.9956517418,136.2126136227,81760313,0.0,1.0
2023-01-24T00:00:00.000Z,142.53,143.16,140.3,140.305,66435142,140.5617131455,141.1830130773,138.3625086249,138.3674395767,66435142,0.0,1.0
2023-01-25T00:00:00.000Z,141.86,142.43,138.81,140.89,65799349,139.9009655989,140.4630941087,136.8930849766,138.944360942,65799349,0.0,1.0
2023-01-26T00:00:00.000Z,143.96,144.25,141.9,143.17,54105068,141.9719653716,142.2579605783,139.9404132136,141.1928749809,54105068,0.0,1.0
2023-01-27T00:00:00.000Z,145.93,147.23,143.08,143.155,70555843,143.9147603965,145.1968078749,141.1041178478,141.1780821254,70555843,0.0,1.0
2023-01-30T00:00:00.000Z,143.0,145.55,142.85,144.955,64015274,141.0252226184,143.5400080567,140.8772940632,142.9532247878,64015274,0.0,1.0
2023-01-31T00:00:00.000Z,144.29,144.34,142.28,142.7,65874459,142.2974081931,142.3467177115,140.3151655535,140.729365508,65874459,0.0,1.0
2023-02-01T00:00:00.000Z,145.43,146.61,141.32,143.97,77663633,143.4216652125,144.5853698467,139.3684228002,141.9818272753,77663633,0.0,1.0
2023-02-02T00:00:00.000Z,150.82,151.18,148.17,148.9,118338980,148.7372312958,149.0922598283,146.1238268208,146.8437457894,118338980,0.0,1.0
2023-02-03T00:00:00.000Z,154.5,157.38,147.83,148.03,154357337,152.3664118499,155.2066401097,145.7885220956,145.9857601692,154357337,0.0,1.0
2023-02-06T00:00:00.000Z,151.73,153.1,150.78,152.575,69858306,149.6346645307,150.9857453348,148.6977836811,150.4679953916,69858306,0.0,1.0
2023-02-07T00:00:00.000Z,154.65,155.23,150.64,150.64,83322551,152.5143404051,153.0863308186,148.5597170296,148.5597170296,83322551,0.0,1.0
2023-02-08T00:00:00.000Z,151.92,154.58,151.168,153.88,64120079,149.8220407006,152.4453070794,149.0804255439,151.7549738218,64120079,0.0,1.0
2023-02-09T00:00:00.000Z,150.87,154.33,150.42,153.775,56007143,148.7865408142,152.1987594874,148.3427551487,151.6514238332,56007143,0.0,1.0
2023-02-10T00:00:00.000Z,151.01,151.3401,149.22,149.46,57450708,149.1514312504,149.4774685158,147.3834618316,147.6205080106,57450708,0.23,1.0
2023-02-13T00:00:00.000Z,153.85,154.26,150.92,150.952,62199013,151.9564777026,152.3614315919,149.0625389332,149.0941450905,62199013,0.0,1.0
2023-02-14T00:00:00.000Z,153.2,153.77,150.86,152.12,61707573,151.3144776343,151.8774623096,149.0032773885,150.2477698286,61707573,0.0,1.0
2023-02-15T00:00:00.000Z,155.33,155.5,152.88,153.11,65669252,153.4182624735,153.5861701837,150.9984160622,151.2255853172,65669252,0.0,1.0
2023-02-16T00:00:00.000Z,153.71,156.33,153.3475,153.51,68167942,151.8182007648,154.4059548863,151.4601622652,151.6206622823,68167942,0.0,1.0
2023-02-17T00:00:00.000Z,152.55,153.0,150.85,152.35,59144118,150.672477566,151.1169391518,148.9934004644,150.4749390835,59144118,0.0,1.0
2023-02-21T00:00:00.000Z,148.48,151.3,148.405,150.2,58867230,146.6525694461,149.4378620501,146.5784925152,148.3514003961,58867230,0.0,1.0
2023-02-22T00:00:00.000Z,148.91,149.95,147.16,148.87,51011305,147.0772771836,148.1044772929,145.3488154613,147.0377694871,51011305,0.0,1.0
2023-02-23T00:00:00.000Z,149.4,150.34,147.24,150.09,48394249,147.5612464659,148.4896773338,145.4278308543,148.2427542307,48394249,0.0,1.0
2023-02-24T00:00:00.000Z,146.71,147.19,145.7202,147.11,55469606,144.9043538755,145.3784462337,143.9267359254,145.2994308406,55469606,0.0,1.0
2023-02-27T00:00:00.000Z,147.92,149.17,147.45,147.71,44998470,146.099461695,147.3340772109,145.635246261,145.8920462883,44998470,0.0,1.0
2023-02-28T00:00:00.000Z,147.41,149.08,146.83,147.05,50546998,145.5957385645,147.2451848938,145.0228769651,145.2401692959,50546998,0.0,1.0
2023-03-01T00:00:00.000Z,145.31,147.2285,145.01,146.83,55478991,143.5215844977,145.4164723916,143.2252767739,145.0228769651,55478991,0.0,1.0
2023-03-02T00:00:00.000Z,145.91,146.71,143.9,144.38,52279761,144.1141999453,144.9043538755,142.1289381957,142.6030305538,52279761,0.0,1.0
2023-03-03T00:00:00.000Z,151.03,151.11,147.33,148.045,70732297,149.1711850986,149.2502004917,145.5167231714,146.2229232466,70732297,0.0,1.0
2023-03-06T00:00:00.000Z,153.83,156.3,153.46,153.785,87558028,151.9367238544,154.3763241139,151.5712776616,151.8922776958,87558028,0.0,1.0
2023-03-07T00:00:00.000Z,151.6,154.0299,151.13,153.7,56182028,149.7341697739,152.1341635677,149.2699543399,151.8083238407,56182028,0.0,1.0
2023-03-08T00:00:00.000Z,152.87,153.47,151.83,152.81,47204791,150.9885391381,151.5811545858,149.9613390289,150.9292775934,47204791,0.0,1.0
2023-03-09T00:00:00.000Z,150.59,154.535,150.225,153.559,53833582,148.736600437,152.6330470054,148.3760927064,151.6690592105,53833582,0.0,1.0
2023-03-10T00:00:00.000Z,148.5,150.94,147.6096,150.21,68572400,146.6723232944,149.0822927815,145.7928819701,148.3612773202,68572400,0.0,1.0
2023-03-13T00:00:00.000Z,150.47,153.14,147.7,147.805,84457122,148.6180773475,151.2552160896,145.8821693642,145.9858770675,84457122,0.0,1.0
2023-03-14T00:00:00.000Z,152.59,153.4,150.1,151.28,73695893,150.7119852625,151.5120161169,148.2526311548,149.4181082018,73695893,0.0,1.0
2023-03-15T00:00:00.000Z,152.99,153.245,149.92,151.19,77167866,151.1070622277,151.3589237929,148.0748465205,149.3292158847,77167866,0.0,1.0
2023-03-16T00:00:00.000Z,155.85,156.46,151.64,152.16,76254419,153.9318625281,154.5343548999,149.7736774704,150.2872775251,76254419,0.0,1.0
2023-03-17T00:00:00.000Z,155.0,156.74,154.28,156.08,98944633,153.0923239773,154.8109087755,152.3811854401,154.1590317831,98944633,0.0,1.0
2023-03-20T00:00:00.000Z,157.4,157.82,154.15,155.07,73641415,155.4627857679,155.8776165813,152.2527854264,153.1614624462,73641415,0.0,1.0
2023-03-21T00:00:00.000Z,159.28,159.4,156.54,157.32,73938285,157.3196475039,157.4381705934,154.6133702929,155.3837703749,73938285,0.0,1.0
2023-03-22T00:00:00.000Z,157.83,162.14,157.81,159.3,75701811,155.8874935054,160.1444478044,155.8677396571,157.3394013521,75701811,0.0,1.0
2023-03-23T00:00:00.000Z,158.93,161.5501,157.68,158.83,67622060,156.9739551594,159.5618080501,155.7393396435,156.8751859181,67622060,0.0,1.0
2023-03-24T00:00:00.000Z,160.25,160.34,157.85,158.86,59256343,158.2777091443,158.3666014614,155.9072473536,156.9048166905,59256343,0.0,1.0
2023-03-27T00:00:00.000Z,158.28,160.77,157.87,159.94,52390266,156.3319550911,158.7913091989,155.9270012019,157.9715244963,52390266,0.0,1.0
2023-03-28T00:00:00.000Z,157.65,158.49,155.98,157.97,45992152,155.7097088711,156.5393704978,154.0602625418,156.0257704432,45992152,0.0,1.0
2023-03-29T00:00:00.000Z,160.77,161.05,159.35,159.37,51305691,158.7913091989,159.0678630745,157.3887859728,157.408539821,51305691,0.0,1.0
2023-03-30T00:00:00.000Z,162.36,162.47,161.271,161.53,49501689,160.3617401352,160.4703863006,159.2861430977,159.5419554326,49501689,0.0,1.0
2023-03-31T00:00:00.000Z,164.9,165.0,161.91,162.44,68749792,162.8704788636,162.9692481049,159.9172785494,160.4407555282,68749792,0.0,1.0
2023-04-03T00:00:00.000Z,166.17,166.29,164.22,164.27,56976187,164.1248482278,164.2433713173,162.1988480229,162.2482326435,56976187,0.0,1.0
2023-04-04T00:00:00.000Z,165.63,166.84,165.11,166.595,46278295,163.5914943249,164.7866021443,163.0778942703,164.5446175032,46278295,0.0,1.0
2023-04-05T00:00:00.000Z,163.76,165.05,161.8,164.74,51511744,161.744509513,163.0186327255,159.808632384,162.7124480775,51511744,0.0,1.0
2023-04-06T00:00:00.000Z,164.66,164.9584,162.0,162.43,45390123,162.6334326845,162.9281601005,160.0061708666,160.4308786041,45390123,0.0,1.0
2023-04-10T00:00:00.000Z,162.03,162.03,160.08,161.42,47716882,160.035801639,160.035801639,158.1098014341,159.4333092672,47716882,0.0,1.0
2023-04-11T00:00:00.000Z,160.8,162.36,160.51,162.35,47644217,158.8209399713,160.3617401352,158.5345091716,160.3518632111,47644217,0.0,1.0
2023-04-12T00:00:00.000Z,160.1,162.06,159.78,161.22,50133062,158.1295552823,160.0654324114,157.8134937103,159.2357707846,50133062,0.0,1.0
2023-04-13T00:00:00.000Z,165.56,165.8,161.42,161.63,68445649,163.522355856,163.7594020351,159.4333092672,159.6407246739,68445649,0.0,1.0
2023-04-14T00:00:00.000Z,165.21,166.32,163.82,164.59,49386480,163.1766635115,164.2730020897,161.8037710578,162.5642942156,49386480,0.0,1.0
2023-04-17T00:00:00.000Z,165.23,165.39,164.03,165.09,40713618,163.1964173598,163.3544481458,162.0111864645,163.058140422,40713618,0.0,1.0
2023-04-18T00:00:00.000Z,166.47,167.41,165.65,166.1,49923008,164.4211559516,165.3495868196,163.6112481731,164.0557097589,49923008,0.0,1.0
2023-04-19T00:00:00.000Z,167.63,168.16,165.54,165.8,47720166,165.5668791504,166.0903561292,163.5026020077,163.7594020351,47720166,0.0,1.0
2023-04-20T00:00:00.000Z,166.65,167.87,165.56,166.09,52456377,164.5989405859,165.8039253295,163.522355856,164.0458328348,52456377,0.0,1.0
2023-04-21T00:00:00.000Z,165.02,166.4521,164.49,165.05,58337341,162.9890019531,164.4034762574,162.4655249744,163.0186327255,58337341,0.0,1.0
2023-04-24T00:00:00.000Z,165.33,165.6,163.89,165.0,41949581,163.2951866011,163.5618635525,161.8729095267,162.9692481049,41949581,0.0,1.0
2023-04-25T00:00:00.000Z,163.77,166.305,163.73,165.19,48714063,161.7543864372,164.2581867035,161.7148787407,163.1569096633,48714063,0.0,1.0
2023-04-26T00:00:00.000Z,163.76,165.28,162.8,163.055,44105745,161.744509513,163.2458019804,160.7963247968,161.048186362,44105745,0.0,1.0
2023-04-27T00:00:00.000Z,168.41,168.56,165.19,165.19,64902329,166.3372792324,166.4854330943,163.1569096633,163.1569096633,64902329,0.0,1.0
2023-04-28T00:00:00.000Z,169.68,169.85,167.8801,168.49,55275851,167.5916485966,167.7595563067,165.8139010228,166.4162946254,55275851,0.0,1.0
2023-05-01T00:00:00.000Z,169.59,170.45,168.64,169.28,52472936,167.5027562794,168.3521717544,166.5644484873,167.1965716315,52472936,0.0,1.0
2023-05-02T00:00:00.000Z,168.54,170.35,167.54,170.09,48425696,166.465679246,168.2534025131,165.4779868333,167.9966024858,48425696,0.0,1.0
2023-05-03T00:00:00.000Z,167.45,170.92,167.16,169.5,65136018,165.3890945161,168.8163871884,165.1026637164,167.4138639623,65136018,0.0,1.0
2023-05-04T00:00:00.000Z,165.79,167.04,164.31,164.89,81235427,163.7495251109,164.9841406269,162.2877403401,162.8606019395,81235427,0.0,1.0
2023-05-05T00:00:00.000Z,173.57,174.3,170.76,170.975,113453171,171.4337720822,172.1547875435,168.6583564023,168.8707102711,113453171,0.0,1.0
2023-05-08T00:00:00.000Z,173.5,173.85,172.11,172.48,55962793,171.3646336133,171.7103259578,169.9917411596,170.3571873523,55962793,0.0,1.0
2023-05-09T00:00:00.000Z,171.77,173.54,171.6,173.05,45326874,169.6559257392,171.4041413098,169.4880180291,170.9201720275,45326874,0.0,1.0
2023-05-10T00:00:00.000Z,173.555,174.03,171.9,173.02,53724501,171.418956696,171.8881105921,169.7843257529,170.8905412552,53724501,0.0,1.0
2023-05-11T00:00:00.000Z,173.75,174.59,172.17,173.85,49514676,171.6115567165,172.4412183432,170.0510027043,171.7103259578,49514676,0.0,1.0
2023-05-12T00:00:00.000Z,172.57,174.06,171.0,173.62,45533138,170.6831258485,172.1568342423,169.1302921718,171.7216451864,45533138,0.24,1.0
2023-05-15T00:00:00.000Z,172.07,173.21,171.47,173.16,37266659,170.1885928304,171.3161281116,169.5951532088,171.2666748098,37266659,0.0,1.0
2023-05-16T00:00:00.000Z,172.07,173.1383,171.7991,171.99,42110293,170.1885928304,171.2452120768,169.9206548413,170.1094675476,42110293,0.0,1.0
2023-05-17T00:00:00.000Z,172.69,172.925,170.4201,171.71,57951604,170.8018137728,171.0342442913,168.5567327775,169.8325290574,57951604,0.0,1.0
2023-05-18T00:00:00.000Z,175.05,175.24,172.58,173.0,65496657,173.136009618,173.3239321649,170.6930165088,171.108424244,65496657,0.0,1.0
2023-05-19T00:00:00.000Z,175.16,176.39,174.94,176.39,55809475,173.244806882,174.4613581064,173.027212354,174.4613581064,55809475,0.0,1.0
2023-05-22T00:00:00.000Z,174.2,174.71,173.45,173.98,43570932,172.2953034873,172.7997271657,171.5535039602,172.0777089594,43570932,0.0,1.0
2023-05-23T00:00:00.000Z,171.56,173.3794,171.275,173.13,50747263,169.684169152,171.4836758981,169.4022853317,171.2370028287,50747263,0.0,1.0
2023-05-24T00:00:00.000Z,171.84,172.4183,170.52,171.09,45143488,169.9611076421,170.5330845308,168.6555404745,169.2193081151,45143488,0.0,1.0
2023-05-25T00:00:00.000Z,172.99,173.895,171.69,172.41,56058258,171.0985335836,171.9936383463,169.8127477367,170.5248752827,56058258,0.0,1.0
2023-05-26T00:00:00.000Z,175.43,175.77,173.11,173.32,54834975,173.5118547117,173.848137164,171.217221508,171.4249253756,54834975,0.0,1.0
2023-05-30T00:00:00.000Z,177.3,178.99,176.57,176.96,55964401,175.3614081992,177.0329298002,174.6393899929,175.0251257469,55964401,0.0,1.0
2023-05-31T00:00:00.000Z,177.25,179.35,176.76,177.325,99313268,175.3119548974,177.3889935732,174.8273125397,175.3861348501,99313268,0.0,1.0
2023-06-01T00:00:00.000Z,180.09,180.12,176.9306,177.7,68901809,178.1209024399,178.150574421,174.9960472055,175.7570346136,68901809,0.0,1.0
2023-06-02T00:00:00.000Z,180.95,181.78,179.26,181.03,61996913,178.9714992309,179.7924240409,177.2999776299,179.0506245138,61996913,0.0,1.0
2023-06-05T00:00:00.000Z,179.58,184.951,178.035,182.63,121946497,177.6164787615,182.9287524414,176.0883717357,180.6331301716,121946497,0.0,1.0
2023-06-06T00:00:00.000Z,179.21,180.12,177.43,179.965,64848374,177.2505243281,178.150574421,175.4899867839,177.9972691854,64848374,0.0,1.0
2023-06-07T00:00:00.000Z,177.82,181.21,177.32,178.44,61944615,175.875722538,179.2286564003,175.3811895199,176.4889434804,61944615,0.0,1.0
2023-06-08T00:00:00.000Z,180.57,180.84,177.46,177.895,50214881,178.5956541372,178.862701967,175.519658765,175.9499024907,50214881,0.0,1.0
2023-06-09T00:00:00.000Z,180.96,182.23,180.63,181.5,48899973,178.9813898913,180.2375037571,178.6549980994,179.5154855508,48899973,0.0,1.0
2023-06-12T00:00:00.000Z,183.79,183.89,180.97,181.27,54754995,181.7804467734,181.8793533771,178.9912805517,179.2880003625,54754995,0.0,1.0
2023-06-13T00:00:00.000Z,183.31,184.15,182.44,182.8,54929129,181.3056950761,182.1365105464,180.4452076247,180.8012713977,54929129,0.0,1.0
2023-06-14T00:00:00.000Z,183.95,184.39,182.02,183.37,57462882,181.9386973392,182.3738863951,180.0297998896,181.3650390383,57462882,0.0,1.0
2023-06-15T00:00:00.000Z,186.01,186.52,183.78,183.96,65433166,183.9761733736,184.480597052,181.7705561131,181.9485879996,65433166,0.0,1.0
2023-06-16T00:00:00.000Z,184.92,186.99,184.27,186.73,101256225,182.8980913942,184.9454580889,182.2551984708,184.6883009196,101256225,0.0,1.0
2023-06-20T00:00:00.000Z,185.01,186.1,184.41,184.41,49799092,182.9871073375,184.0651893168,182.3936677158,182.3936677158,49799092,0.0,1.0
2023-06-21T00:00:00.000Z,183.96,185.41,182.5901,184.9,49515697,181.9485879996,183.3827337519,180.5936664367,182.8783100735,49515697,0.0,1.0
2023-06-22T00:00:00.000Z,187.0,187.045,183.67,183.74,51245327,184.9553487493,184.9998567209,181.6617588491,181.7309934716,51245327,0.0,1.0
2023-06-23T00:00:00.000Z,186.68,187.56,185.01,185.55,53116996,184.6388476178,185.5092257295,182.9871073375,183.521202997,53116996,0.0,1.0
2023-06-26T00:00:00.000Z,185.27,188.05,185.23,186.83,48088661,183.2442645069,185.9938680872,183.2047018654,184.7872075232,48088661,0.0,1.0
2023-06-27T00:00:00.000Z,188.06,188.39,185.67,185.89,50730846,186.0037587476,186.3301505395,183.6398909213,183.8574854492,50730846,0.0,1.0
2023-06-28T00:00:00.000Z,189.25,189.9,187.6,187.93,51216801,187.1807473305,187.823640254,185.548788371,185.8751801629,51216801,0.0,1.0
2023-06-29T00:00:00.000Z,189.59,190.07,188.94,189.08,46347308,187.5170297828,187.9917814801,186.8741368593,187.0126061044,46347308,0.0,1.0
2023-06-30T00:00:00.000Z,193.97,194.48,191.26,191.63,85213216,191.8491390209,192.3535626993,189.1687700631,189.5347244964,85213216,0.0,1.0
2023-07-03T00:00:00.000Z,192.46,193.88,191.76,193.78,31458198,190.3556493064,191.7601230776,189.6633030811,191.661216474,31458198,0.0,1.0
2023-07-05T00:00:00.000Z,191.33,192.98,190.62,191.565,46920261,189.2380046856,190.8699636451,188.5357678,189.4704352041,46920261,0.0,1.0
2023-07-06T00:00:00.000Z,191.81,192.02,189.2,189.84,45156009,189.7127563829,189.9204602505,187.1312940287,187.7642962918,45156009,0.0,1.0
2023-07-07T00:00:00.000Z,190.68,192.67,190.24,191.41,46814998,188.5951117621,190.5633531739,188.1599227062,189.3171299685,46814998,0.0,1.0
2023-07-10T00:00:00.000Z,188.61,189.99,187.035,189.26,59922163,186.5477450674,187.9126561972,184.9899660606,187.1906379909,59922163,0.0,1.0
2023-07-11T00:00:00.000Z,188.08,189.3,186.6,189.16,46638119,186.0235400683,187.2302006323,184.5597223349,187.0917313873,46638119,0.0,1.0
2023-07-12T00:00:00.000Z,189.77,191.7,188.47,189.68,60750248,187.6950616693,189.6039591189,186.4092758224,187.606045726,60750248,0.0,1.0
2023-07-13T00:00:00.000Z,190.54,191.19,189.78,190.5,41342338,188.4566425171,189.0995354405,187.7049523296,188.4170798756,41342338,0.0,1.0
2023-07-14T00:00:00.000Z,190.69,191.1799,189.63,190.23,41616242,188.6050024225,189.0895458736,187.5565924242,188.1500320459,41616242,0.0,1.0
2023-07-17T00:00:00.000Z,193.99,194.32,191.81,191.9,50520159,191.8689203416,192.1953121335,189.7127563829,189.8017723262,50520159,0.0,1.0
2023-07-18T00:00:00.000Z,193.73,194.33,192.415,193.35,48353774,191.6117631722,192.2052027939,190.3111413347,191.2359180785,48353774,0.0,1.0
2023-07-19T00:00:00.000Z,195.1,198.23,192.65,193.1,80507323,192.9667836417,196.0625603346,190.5435718532,190.9886515695,80507323,0.0,1.0
2023-07-20T00:00:00.000Z,193.13,196.47,192.495,195.09,59581196,191.0183235506,194.3218041111,190.3902666176,192.9568929813,59581196,0.0,1.0
2023-07-21T00:00:00.000Z,191.94,194.97,191.23,194.1,71951683,189.8413349676,192.838205057,189.139098082,191.9777176056,71951683,0.0,1.0
2023-07-24T00:00:00.000Z,192.75,194.91,192.25,193.41,45505097,190.6424784568,192.7788610948,190.1479454388,191.2952620407,45505097,0.0,1.0
2023-07-25T00:00:00.000Z,193.62,194.44,192.915,193.33,37283201,191.5029659082,192.3140000578,190.8056743528,191.2161367578,37283201,0.0,1.0
2023-07-26T00:00:00.000Z,194.5,195.64,193.32,193.67,47471868,192.37334402,193.5008793011,191.2062460974,191.55241921,47471868,0.0,1.0
2023-07-27T00:00:00.000Z,193.22,197.2,192.55,196.02,47460180,191.1073394938,195.0438223174,190.4446652496,193.8767243949,47460180,0.0,1.0
2023-07-28T00:00:00.000Z,195.83,196.626,194.14,194.67,48291443,193.688801848,194.4760984127,192.017280247,192.5414852461,48291443,0.0,1.0
2023-07-31T00:00:00.000Z,196.45,196.49,195.26,196.06,38824113,194.3020227904,194.3415854318,193.1250342074,193.9162870363,38824113,0.0,1.0
2023-08-01T00:00:00.000Z,195.605,196.73,195.28,196.235,35281426,193.4662619899,194.5789612805,193.1448155281,194.0893735926,35281426,0.0,1.0
2023-08-02T00:00:00.000Z,192.58,195.18,191.8507,195.04,50389327,190.4743372307,193.0459089245,189.7530113706,192.9074396795,50389327,0.0,1.0
2023-08-03T00:00:00.000Z,191.17,192.37,190.69,191.57,62243282,189.0797541198,190.2666333631,188.6050024225,189.4753805342,62243282,0.0,1.0
2023-08-04T00:00:00.000Z,181.99,187.38,181.92,185.52,115956841,180.0001279085,185.331193843,179.930893286,183.4915310159,115956841,0.0,1.0
2023-08-07T00:00:00.000Z,178.85,183.13,177.35,182.13,97576069,176.8944605551,181.1276631896,175.410861501,180.1385971535,97576069,0.0,1.0
2023-08-08T00:00:00.000Z,179.8,180.27,177.58,179.69,67823003,177.8340732894,178.2989343264,175.6383466893,177.7252760255,67823003,0.0,1.0
2023-08-09T00:00:00.000Z,178.19,180.93,177.01,180.87,60378492,176.2416769713,178.9517179102,175.0745790487,178.8923739481,60378492,0.0,1.0
2023-08-10T00:00:00.000Z,177.97,180.75,177.6,179.48,54686851,176.0240824434,178.7736860237,175.65812801,177.5175721579,54686851,0.0,1.0
2023-08-11T00:00:00.000Z,177.79,178.62,176.55,177.32,52036672,176.0834264056,176.9054593878,174.8553289381,175.6179378493,52036672,0.24,1.0
2023-08-14T00:00:00.000Z,179.46,179.69,177.305,177.97,43675627,177.7373963819,177.9651886541,175.6030818316,176.2616986186,43675627,0.0,1.0
2023-08-15T00:00:00.000Z,177.45,179.48,177.05,178.88,43622593,175.7466900032,177.7572044056,175.3505295298,177.1629636955,43622593,0.0,1.0
2023-08-16T00:00:00.000Z,176.57,178.54,176.5,177.13,46964857,174.8751369617,176.8262272931,174.8058088789,175.4297616245,46964857,0.0,1.0
2023-08-17T00:00:00.000Z,174.0,177.5054,173.48,177.14,66062882,172.3298059203,175.8015582287,171.8147973049,175.4396656363,66062882,0.0,1.0
2023-08-18T00:00:00.000Z,174.49,175.1,171.96,172.3,61172150,172.8151025002,173.4192472221,170.309387506,170.6461239084,61172150,0.0,1.0
2023-08-21T00:00:00.000Z,175.84,176.13,173.735,175.07,46311879,174.1521440978,174.439360441,172.0673496067,173.3895351866,46311879,0.0,1.0
2023-08-22T00:00:00.000Z,177.23,177.68,176.25,177.06,42084245,175.5288017428,175.9744822754,174.558208583,175.3604335416,42084245,0.0,1.0
2023-08-23T00:00:00.000Z,181.12,181.55,178.325,178.52,52722752,179.3814623464,179.8073348553,176.6132910387,176.8064192695,52722752,0.0,1.0
2023-08-24T00:00:00.000Z,176.38,181.104,176.01,180.674,54945798,174.6869607369,179.3656159275,174.320512299,178.9397434186,54945798,0.0,1.0
2023-08-25T00:00:00.000Z,178.61,179.15,175.82,177.38,51449594,176.895555376,177.430372015,174.1323360742,175.6773619203,51449594,0.0,1.0
2023-08-28T00:00:00.000Z,180.19,180.59,178.545,180.09,43820697,178.4603892458,178.8565497192,176.8311792991,178.3613491275,43820697,0.0,1.0
2023-08-29T00:00:00.000Z,184.12,184.9,179.5,179.695,53003948,182.3526658968,183.1251788199,177.7770124293,177.97014066,53003948,0.0,1.0
2023-08-30T00:00:00.000Z,187.65,187.85,184.74,184.94,60813888,185.8487820744,186.0468623111,182.9667146305,183.1647948672,60813888,0.0,1.0
2023-08-31T00:00:00.000Z,187.87,189.12,187.48,187.84,60794467,186.0666703347,187.304671814,185.6804138732,186.0369582992,60794467,0.0,1.0
2023-09-01T00:00:00.000Z,189.46,189.92,188.28,189.485,45766503,187.6414082164,188.0969927608,186.4727348199,187.666168246,45766503,0.0,1.0
2023-09-05T00:00:00.000Z,189.7,189.98,187.61,188.28,45280027,187.8791045004,188.1564168318,185.809166027,186.4727348199,45280027,0.0,1.0
2023-09-06T00:00:00.000Z,182.91,188.85,181.47,188.4,81755816,181.1542804648,187.0372634945,179.7281027606,186.591582962,81755816,0.0,1.0
2023-09-07T00:00:00.000Z,177.56,178.21,173.54,175.18,112488803,175.8556341334,176.4993949026,171.8742213759,173.4984793167,112488803,0.0,1.0
2023-09-08T00:00:00.000Z,178.18,180.239,177.79,178.35,65602066,176.4696828671,178.5089189038,176.0834264056,176.6380510683,65602066,0.0,1.0
2023-09-11T00:00:00.000Z,179.36,180.3,177.34,180.07,58953052,177.6383562636,178.569333376,175.637745873,178.3415411038,58953052,0.0,1.0
2023-09-12T00:00:00.000Z,176.3,180.13,174.82,179.49,90370192,174.6077286422,178.4009651748,173.1419348907,177.7671084174,90370192,0.0,1.0
2023-09-13T00:00:00.000Z,174.21,177.3,173.98,176.51,84267928,172.5377901688,175.5981298257,172.3099978966,174.8157128907,84267928,0.0,1.0
2023-09-14T00:00:00.000Z,175.74,176.1,173.58,174.0,60895757,174.0531039795,174.4096484055,171.9138374232,172.3298059203,60895757,0.0,1.0
2023-09-15T00:00:00.000Z,175.01,176.495,173.82,176.48,109259461,173.3301111156,174.800856873,172.1515337073,174.7860008552,109259461,0.0,1.0
2023-09-18T00:00:00.000Z,177.97,179.38,176.17,176.48,67257573,176.2616986186,177.6581642872,174.4789764884,174.7860008552,67257573,0.0,1.0
2023-09-19T00:00:00.000Z,179.07,179.63,177.13,177.52,51826941,177.3511399204,177.9057645831,175.4297616245,175.816018086,51826941,0.0,1.0
2023-09-20T00:00:00.000Z,175.49,179.695,175.4,179.26,58436181,173.8055036836,177.97014066,173.7163675771,177.5393161452,58436181,0.0,1.0
2023-09-21T00:00:00.000Z,173.93,176.3,173.86,174.55,63149116,172.2604778374,174.6077286422,172.1911497546,172.8745265712,63149116,0.0,1.0
2023-09-22T00:00:00.000Z,174.79,177.079,174.05,174.67,56725385,173.1122228552,175.3792511641,172.3793259795,172.9933747132,56725385,0.0,1.0
2023-09-25T00:00:00.000Z,176.08,176.97,174.15,174.2,46172740,174.3898403819,175.2712974351,172.4783660978,172.527886157,46172740,0.0,1.0
2023-09-26T00:00:00.000Z,171.96,175.2,171.66,174.82,64588945,170.309387506,173.5182873404,170.012267151,173.1419348907,64588945,0.0,1.0
2023-09-27T00:00:00.000Z,170.43,173.04,169.05,172.62,66921808,168.7940736954,171.3790207842,167.4273200622,170.9630522871,66921808,0.0,1.0
2023-09-28T00:00:00.000Z,170.69,172.03,167.62,169.34,56294419,169.0515780031,170.3787155889,166.0110463699,167.7145364054,56294419,0.0,1.0
2023-09-29T00:00:00.000Z,171.21,173.07,170.341,172.02,51861083,169.5665866185,171.4087328197,168.70592799,170.368811577,51861083,0.0,1.0
2023-10-02T00:00:00.000Z,173.75,174.3,170.93,171.22,52164535,172.0822056244,172.6269262753,169.2892742871,169.5764906303,52164535,0.0,1.0
2023-10-03T00:00:00.000Z,172.4,173.63,170.82,172.255,49594613,170.7451640268,171.9633574824,169.1803301569,170.6015558552,49594613,0.0,1.0
2023-10-04T00:00:00.000Z,173.66,174.21,170.97,171.09,53020286,171.9930695179,172.5377901688,169.3288903344,169.4477384764,53020286,0.0,1.0
2023-10-05T00:00:00.000Z,174.91,175.45,172.68,173.79,48527918,173.2310709972,173.7658876363,171.0224763581,172.1218216718,48527918,0.0,1.0
2023-10-06T00:00:00.000Z,177.49,177.99,173.18,173.8,57266675,175.7863060505,176.2815066422,171.5176769498,172.1317256836,57266675,0.0,1.0
2023-10-09T00:00:00.000Z,178.99,179.05,175.8,176.81,42390772,177.2719078257,177.3313318967,174.1125280505,175.1128332458,42390772,0.0,1.0
2023-10-10T00:00:00.000Z,178.39,179.72,177.95,178.1,43698019,176.6776671156,177.9949006896,176.2418905949,176.3904507724,43698019,0.0,1.0
2023-10-11T00:00:00.000Z,179.8,179.85,177.6,178.2,47551098,178.0741327843,178.1236528435,175.8952501807,176.4894908908,47551098,0.0,1.0
2023-10-12T00:00:00.000Z,180.71,182.34,179.04,180.07,56743119,178.9753978612,180.5897517903,177.3214278849,178.3415411038,56743119,0.0,1.0
2023-10-13T00:00:00.000Z,178.85,181.93,178.14,181.42,51456082,177.13325166,180.183687305,176.4300668198,179.6785827015,51456082,0.0,1.0
2023-10-16T00:00:00.000Z,178.72,179.075,176.51,176.75,52516984,177.0044995062,177.3560919263,174.8157128907,175.0534091748,52516984,0.0,1.0
2023-10-17T00:00:00.000Z,177.15,178.42,174.8,176.645,57549350,175.4495696481,176.7073791511,173.122126867,174.9494170505,57549350,0.0,1.0
2023-10-18T00:00:00.000Z,175.84,177.575,175.11,175.58,54764375,174.1521440978,175.8704901511,173.4291512339,173.8946397901,54764375,0.0,1.0
2023-10-19T00:00:00.000Z,175.46,177.84,175.19,176.04,59302863,173.7757916481,176.1329464647,173.5083833286,174.3502243345,59302863,0.0,1.0
2023-10-20T00:00:00.000Z,172.88,175.42,172.64,175.31,64244028,171.2205565948,173.7361756008,170.9828603108,173.6272314706,64244028,0.0,1.0
2023-10-23T00:00:00.000Z,173.0,174.01,169.93,170.91,55980109,171.3394047368,172.3397099321,168.2988731036,169.2694662634,55980109,0.0,1.0
2023-10-24T00:00:00.000Z,173.44,173.67,171.45,173.05,43816644,171.7751812575,172.0029735297,169.8042829025,171.388924796,43816644,0.0,1.0
2023-10-25T00:00:00.000Z,171.1,173.06,170.65,171.88,57156962,169.4576424883,171.3988288078,169.0119619557,170.2301554114,57156962,0.0,1.0
2023-10-26T00:00:00.000Z,166.89,171.3775,165.67,170.37,70625258,165.2880535059,169.7324788167,164.0797640621,168.7346496244,70625258,0.0,1.0
2023-10-27T00:00:00.000Z,168.22,168.96,166.83,166.91,58499129,166.6052870799,167.3381839557,165.2286294349,165.3078615296,58499129,0.0,1.0
2023-10-30T00:00:00.000Z,170.29,171.17,168.87,169.02,51130955,168.6554175297,169.5269705711,167.2490478492,167.3976080267,51130955,0.0,1.0
2023-10-31T00:00:00.000Z,170.77,170.9,167.9,169.35,44846017,169.1308100977,169.2595622516,166.2883587012,167.7244404172,44846017,0.0,1.0
2023-11-01T00:00:00.000Z,173.97,174.23,170.12,171.0,56934906,172.3000938848,172.5575981925,168.4870493285,169.3586023699,56934906,0.0,1.0
2023-11-02T00:00:00.000Z,177.57,177.78,175.46,175.52,77334752,175.8655381452,176.0735223937,173.7757916481,173.8352157191,77334752,0.0,1.0
2023-11-03T00:00:00.000Z,176.65,176.82,173.35,174.24,79829246,174.9543690564,175.1227372576,171.686045151,172.5675022043,79829246,0.0,1.0
2023-11-06T00:00:00.000Z,179.23,179.43,176.21,176.38,63841310,177.5096041097,177.7076843464,174.5185925357,174.6869607369,63841310,0.0,1.0
2023-11-07T00:00:00.000Z,181.82,182.44,178.97,179.18,70529966,180.0747431749,180.6887919086,177.252099802,177.4600840505,70529966,0.0,1.0
2023-11-08T00:00:00.000Z,182.89,183.45,181.59,182.35,49340282,181.1344724411,181.6890971039,179.8469509027,180.5996558021,49340282,0.0,1.0
2023-11-09T00:00:00.000Z,182.41,184.12,181.81,182.96,53763540,180.6590798731,182.3526658968,180.064839163,181.203800524,53763540,0.0,1.0
2023-11-10T00:00:00.000Z,186.4,186.565,183.53,183.97,66177922,184.8484768791,185.0121034815,182.0023656739,182.4387032803,66177922,0.24,1.0
2023-11-13T00:00:00.000Z,184.8,186.03,184.21,185.82,43627519,183.2617946741,184.4815566192,182.676705611,184.2733045798,43627519,0.0,1.0
2023-11-14T00:00:00.000Z,187.44,188.11,186.3,187.7,60108378,185.8798203123,186.5442434856,184.7493092413,186.1376561706,60108378,0.0,1.0
2023-11-15T00:00:00.000Z,188.01,189.5,187.78,187.845,53790499,186.4450758478,187.9226736512,186.2169902809,186.2814492454,53790499,0.0,1.0
2023-11-16T00:00:00.000Z,189.71,190.96,188.65,189.57,54412915,188.1309256906,189.3705211633,187.0797487298,187.9920909977,54412915,0.0,1.0
2023-11-17T00:00:00.000Z,189.69,190.38,188.57,190.25,50941404,188.1110921631,188.7953488639,187.0004146196,188.6664309348,50941404,0.0,1.0
2023-11-20T00:00:00.000Z,191.45,191.905,189.88,189.89,46538614,189.8564425885,190.3076553406,188.2995106749,188.3094274387,46538614,0.0,1.0
2023-11-21T00:00:00.000Z,190.64,191.52,189.74,191.41,38134485,189.0531847223,189.925859935,188.160675982,189.8167755334,38134485,0.0,1.0
2023-11-22T00:00:00.000Z,191.31,192.93,190.825,191.49,39630011,189.7176078956,191.3241236281,189.2366448522,189.8961096436,39630011,0.0,1.0
2023-11-24T00:00:00.000Z,189.97,190.9,189.25,190.87,24048344,188.3887615489,189.3110205806,187.6747545567,189.2812702892,24048344,0.0,1.0
2023-11-27T00:00:00.000Z,189.79,190.67,188.9,189.92,40552609,188.2102598009,189.0829350136,187.3276678244,188.33917773,40552609,0.0,1.0
2023-11-28T00:00:00.000Z,190.4,191.08,189.4,189.78,38415419,188.8151823915,189.4895223286,187.8235060134,188.2003430371,38415419,0.0,1.0
2023-11-29T00:00:00.000Z,189.37,192.09,188.97,190.9,43014224,187.7937557221,190.4911154705,187.3970851708,189.3110205806,43014224,0.0,1.0
2023-11-30T00:00:00.000Z,189.95,190.32,188.19,189.84,48794366,188.3689280214,188.7358482813,186.6235775959,188.2598436198,48794366,0.0,1.0
2023-12-01T00:00:00.000Z,191.24,191.56,189.23,190.33,45704823,189.6481905491,189.9655269901,187.6549210291,188.745765045,45704823,0.0,1.0
2023-12-04T00:00:00.000Z,189.43,190.05,187.4511,189.98,43389519,187.8532563047,188.4680956592,185.8908279201,188.3986783127,43389519,0.0,1.0
2023-12-05T00:00:00.000Z,193.42,194.4,190.18,190.21,66628398,191.8100450534,192.7818879039,188.5970135883,188.6267638797,66628398,0.0,1.0
2023-12-06T00:00:00.000Z,192.32,194.76,192.11,194.45,40895115,190.7192010375,193.1388914001,190.5109489981,192.8314717228,40895115,0.0,1.0
2023-12-07T00:00:00.000Z,194.27,195.0,193.59,193.63,47477655,192.6529699748,193.3768937308,191.9786300377,192.0182970928,47477655,0.0,1.0
2023-12-08T00:00:00.000Z,195.71,195.99,193.67,194.2,53406358,194.0809839593,194.3586533451,192.0579641479,192.5835526283,53406358,0.0,1.0
2023-12-11T00:00:00.000Z,193.18,193.49,191.42,193.11,60943699,191.5720427226,191.8794623999,189.8266922972,191.5026253762,60943699,0.0,1.0
2023-12-12T00:00:00.000Z,194.71,194.72,191.721,193.08,52696900,193.0893075812,193.0992243449,190.125186887,191.4728750848,52696900,0.0,1.0
2023-12-13T00:00:00.000Z,197.96,198.0,194.85,195.09,70404183,196.31225581,196.3519228651,193.2281422741,193.4661446048,70404183,0.0,1.0
2023-12-14T00:00:00.000Z,198.11,199.62,196.16,198.02,66831572,196.4610072667,197.9584385977,194.5272383294,196.3717563927,66831572,0.0,1.0
2023-12-15T00:00:00.000Z,197.57,198.3999,197.0,197.53,128538401,195.9255020225,196.7484942487,195.360246487,195.8858349674,128538401,0.0,1.0
2023-12-18T00:00:00.000Z,195.89,196.63,194.39,196.09,55751861,194.2594857073,194.9933262271,192.7719711402,194.4578209829,55751861,0.0,1.0
2023-12-19T00:00:00.000Z,196.94,196.95,195.89,196.16,40233138,195.3007459043,195.3106626681,194.2594857073,194.5272383294,40233138,0.0,1.0
2023-12-20T00:00:00.000Z,194.83,197.68,194.83,196.9,52242815,193.2083087465,196.0345864241,193.2083087465,195.2610788492,52242815,0.0,1.0
2023-12-21T00:00:00.000Z,194.68,197.08,193.5,196.1,46482549,193.0595572898,195.4395805973,191.8893791636,194.4677377467,46482549,0.0,1.0
2023-12-22T00:00:00.000Z,193.6,195.41,192.97,195.18,37149570,191.9885468015,193.7834810458,191.3637906832,193.5553954789,37149570,0.0,1.0
2023-12-26T00:00:00.000Z,193.05,193.89,192.83,193.61,28919310,191.4431247935,192.2761329511,191.2249559903,191.9984635652,28919310,0.0,1.0
2023-12-27T00:00:00.000Z,193.15,193.5,191.09,192.49,47899806,191.5422924313,191.8893791636,189.4994390924,190.8877860218,47899806,0.0,1.0
2023-12-28T00:00:00.000Z,193.58,194.66,193.17,194.14,34049898,191.9687132739,193.0397237622,191.5621259589,192.5240520456,34049898,0.0,1.0
2023-12-29T00:00:00.000Z,192.53,194.4,191.725,193.9,42672148,190.9274530769,192.7818879039,190.1291535925,192.2860497149,42672148,0.0,1.0
2024-01-02T00:00:00.000Z,185.64,188.44,183.885,187.15,82488674,184.0948028317,186.8714966904,182.3544107881,185.5922341627,82488674,0.0,1.0
2024-01-03T00:00:00.000Z,184.25,185.88,183.43,184.22,58414460,182.7163726662,184.3328051625,181.9031980361,182.6866223748,58414460,0.0,1.0
2024-01-04T00:00:00.000Z,181.91,183.0872,180.88,182.15,71983570,180.3958499414,181.5632513737,179.3744232719,180.6338522721,71983570,0.0,1.0
2024-01-05T00:00:00.000Z,181.18,182.76,180.17,181.99,62196924,179.6719261854,181.2387748628,178.6703330435,180.4751840516,62196924,0.0,1.0
2024-01-08T00:00:00.000Z,185.56,185.6,181.5,182.085,59144470,184.0154687215,184.0551357766,179.9892626264,180.5693933076,59144470,0.0,1.0
2024-01-09T00:00:00.000Z,185.14,185.15,182.73,183.92,42841809,183.5989646427,183.6088814065,181.2090245714,182.3891194614,42841809,0.0,1.0
2024-01-10T00:00:00.000Z,186.19,186.4,183.92,184.35,46792908,184.6402248397,184.8484768791,182.3891194614,182.815540304,46792908,0.0,1.0
2024-01-11T00:00:00.000Z,185.59,187.05,183.62,186.54,49128408,184.0452190128,185.4930665249,182.0916165479,184.987311572,49128408,0.0,1.0
2024-01-12T00:00:00.000Z,185.92,186.74,185.19,186.06,40477782,184.3724722176,185.1856468476,183.6485484616,184.5113069105,40477782,0.0,1.0
2024-01-16T00:00:00.000Z,183.63,184.26,180.934,182.16,65603041,182.1015333117,182.7262894299,179.4279737964,180.6437690359,65603041,0.0,1.0
2024-01-17T00:00:00.000Z,182.68,182.93,180.3,181.27,47317433,181.1594407525,181.4073598471,178.7992509726,179.7611770594,47317433,0.0,1.0
2024-01-18T00:00:00.000Z,188.63,189.14,185.83,186.09,78005754,187.0599152023,187.5656701551,184.2832213436,184.5410572019,78005754,0.0,1.0
2024-01-19T00:00:00.000Z,191.56,191.95,188.82,189.33,68902985,189.9655269901,190.3522807776,187.2483337141,187.7540886669,68902985,0.0,1.0
2024-01-22T00:00:00.000Z,193.89,195.33,192.26,192.3,60133852,192.2761329511,193.7041469356,190.6597004548,190.6993675099,60133852,0.0,1.0
2024-01-23T00:00:00.000Z,195.18,195.75,193.8299,195.02,42355590,193.5553954789,194.1206510144,192.2165332008,193.3967272584,42355590,0.0,1.0
2024-01-24T00:00:00.000Z,194.5,196.38,194.34,195.42,53463269,192.8810555417,194.7454071326,192.7223873213,193.7933978096,53463269,0.0,1.0
2024-01-25T00:00:00.000Z,194.17,196.2675,193.1125,195.22,54822126,192.553802337,194.6338435401,191.5051045671,193.595062534,54822126,0.0,1.0
2024-01-26T00:00:00.000Z,192.42,194.76,191.94,194.27,44594011,190.8183686753,193.1388914001,190.3423640138,192.6529699748,44594011,0.0,1.0
2024-01-29T00:00:00.000Z,191.73,192.2,189.58,192.01,47145622,190.1341119744,190.6001998721,188.0020077615,190.4117813603,47145622,0.0,1.0
2024-01-30T00:00:00.000Z,188.04,191.8,187.47,190.94,55859370,186.4748261392,190.2035293209,185.9095706037,189.3506876357,55859370,0.0,1.0
2024-01-31T00:00:00.000Z,184.4,187.095,184.35,187.04,55467803,182.8651241229,185.5376919619,182.815540304,185.4831497611,55467803,0.0,1.0
2024-02-01T00:00:00.000Z,186.86,186.95,183.82,183.985,64885408,185.304648013,185.393898887,182.2899518236,182.453578426,64885408,0.0,1.0
2024-02-02T00:00:00.000Z,185.85,187.33,179.25,179.86,102551680,184.3030548711,185.7707359107,177.7579907756,178.3629133663,102551680,0.0,1.0
2024-02-05T00:00:00.000Z,187.68,189.25,185.84,188.15,69668820,186.1178226431,187.6747545567,184.2931381073,186.5839105408,69668820,0.0,1.0
2024-02-06T00:00:00.000Z,189.3,189.31,186.7695,186.86,43490759,187.7243383756,187.7342551394,185.2149013008,185.304648013,43490759,0.0,1.0
2024-02-07T00:00:00.000Z,189.41,191.05,188.61,190.64,53438955,187.8334227772,189.4597720373,187.0400816747,189.0531847223,53438955,0.0,1.0
2024-02-08T00:00:00.000Z,188.32,189.535,187.35,189.385,40962046,186.752495525,187.9573823244,185.7905694383,187.8086308677,40962046,0.0,1.0
2024-02-09T00:00:00.000Z,188.85,189.99,188.0,188.65,45155216,187.5160863362,188.6480341171,186.6720901838,187.3174990062,45155216,0.24,1.0
2024-02-12T00:00:00.000Z,187.15,188.67,186.79,188.415,41781934,185.8280940313,187.3373577392,185.4706368374,187.0841588935,41781934,0.0,1.0
2024-02-13T00:00:00.000Z,185.04,186.21,183.5128,185.77,56529529,183.7329977,184.8947335804,182.2165848483,184.4578414545,56529529,0.0,1.0
2024-02-14T00:00:00.000Z,184.15,185.53,182.44,185.32,54630517,182.8492840816,184.2195366585,181.1513624102,184.011019962,54630517,0.0,1.0
2024-02-15T00:00:00.000Z,183.86,184.49,181.35,183.55,65434496,182.5613324531,183.1868825426,180.0690614618,182.2535220916,65434496,0.0,1.0
2024-02-16T00:00:00.000Z,182.31,184.85,181.665,183.42,49752465,181.0222806458,183.5443397365,180.3818365066,182.1244403272,49752465,0.0,1.0
2024-02-20T00:00:00.000Z,181.56,182.43,180.0,181.79,53665553,180.2775781583,181.1414330437,178.7285969845,180.5059535878,53665553,0.0,1.0
2024-02-21T00:00:00.000Z,182.32,182.8888,180.66,181.94,41529674,181.0322100123,181.5969923787,179.3839351734,180.6548940853,41529674,0.0,1.0
2024-02-22T00:00:00.000Z,184.37,184.955,182.46,183.48,52292208,183.0677301446,183.6485980848,181.1712211432,182.1840165262,52292208,0.0,1.0
2024-02-23T00:00:00.000Z,182.52,185.04,182.23,185.01,45119677,181.2307973422,183.7329977,180.9428457138,183.7032096005,45119677,0.0,1.0
2024-02-26T00:00:00.000Z,181.16,182.76,180.65,182.24,40867421,179.8804034984,181.4691021382,179.3740058069,180.9527750803,40867421,0.0,1.0
2024-02-27T00:00:00.000Z,182.63,183.9225,179.56,181.1,54318851,181.3400203737,182.6233909937,178.2917048585,179.8208272994,54318851,0.0,1.0
2024-02-28T00:00:00.000Z,181.42,183.12,180.13,182.51,48953939,180.1385670273,181.8265593322,178.8576787489,181.2208679757,48953939,0.0,1.0
2024-02-29T00:00:00.000Z,180.75,182.57,179.53,181.27,136682597,179.4732994719,181.2804441747,178.261916759,179.9896265298,136682597,0.0,1.0
2024-03-01T00:00:00.000Z,179.66,180.53,177.38,179.55,73563082,178.3909985235,179.2548534089,176.1271029617,178.281775492,73563082,0.0,1.0
2024-03-04T00:00:00.000Z,175.1,176.9,173.79,176.15,81510101,173.8632073999,175.6504933697,172.5624603885,174.9057908823,81510101,0.0,1.0
2024-03-05T00:00:00.000Z,170.12,172.04,169.62,170.76,95132355,168.9183828833,170.8248212511,168.4219145584,169.5538623393,95132355,0.0,1.0
2024-03-06T00:00:00.000Z,169.12,171.24,168.68,171.06,68587707,167.9254462334,170.0304719312,167.4885541074,169.8517433342,68587707,0.0,1.0
2024-03-07T00:00:00.000Z,169.0,170.73,168.49,169.15,71765061,167.8062938354,169.5240742398,167.299896144,167.9552343329,71765061,0.0,1.0
2024-03-08T00:00:00.000Z,170.73,173.7,168.94,169.0,76267041,169.5240742398,172.47309609,167.7467176364,167.8062938354,76267041,0.0,1.0
2024-03-11T00:00:00.000Z,172.75,174.38,172.05,172.94,58929918,171.5298062726,173.1482930119,170.8347506176,171.7184642361,58929918,0.0,1.0
2024-03-12T00:00:00.000Z,173.23,174.03,171.01,173.15,59544927,172.0064158645,172.8007651845,169.8020965017,171.9269809325,59544927,0.0,1.0
2024-03-13T00:00:00.000Z,171.13,173.185,170.76,172.77,51948951,169.9212488997,171.9617337153,169.5538623393,171.5496650056,51948951,0.0,1.0
2024-03-14T00:00:00.000Z,173.0,174.3078,172.05,172.91,72571635,171.7780404351,173.0766029858,170.8347506176,171.6886761366,72571635,0.0,1.0
2024-03-15T00:00:00.000Z,172.62,172.62,170.285,171.17,121752699,171.4007245081,171.4007245081,169.0822174305,169.9609663657,121752699,0.0,1.0
2024-03-18T00:00:00.000Z,173.72,177.71,173.52,175.57,75604184,172.492954823,176.4547720562,172.294367493,174.3298876253,75604184,0.0,1.0
2024-03-19T00:00:00.000Z,176.08,176.605,173.03,174.34,55215244,174.8362853168,175.357577058,171.8078285346,173.1085755459,55215244,0.0,1.0
2024-03-20T00:00:00.000Z,178.67,178.67,175.09,175.72,53423102,177.4079912401,177.4079912401,173.8532780334,174.4788281228,53423102,0.0,1.0
2024-03-21T00:00:00.000Z,171.37,177.49,170.84,177.05,106181270,170.1595536957,176.2363259932,169.6332972712,175.7994338672,106181270,0.0,1.0
2024-03-22T00:00:00.000Z,172.28,173.05,170.06,171.76,71160138,171.0631260471,171.8276872676,168.8588066843,170.5467989892,71160138,0.0,1.0
2024-03-25T00:00:00.000Z,170.85,171.94,169.45,170.565,54288328,169.6432266377,170.7255275862,168.2531153279,169.3602396925,54288328,0.0,1.0
2024-03-26T00:00:00.000Z,169.71,171.42,169.58,170.0,57388449,168.5112788568,170.2092005282,168.3821970924,168.7992304853,57388449,0.0,1.0
2024-03-27T00:00:00.000Z,173.31,173.6,170.11,170.41,60273265,172.0858507965,172.373802425,168.9084535168,169.2063345118,60273265,0.0,1.0
2024-03-28T00:00:00.000Z,171.48,172.23,170.51,171.75,65672690,170.2687767272,171.0134792146,169.3056281768,170.5368696227,65672690,0.0,1.0
2024-04-01T00:00:00.000Z,170.03,171.25,169.475,171.19,43772506,168.8290185848,170.0404012977,168.2779387441,169.9808250987,43772506,0.0,1.0
2024-04-02T00:00:00.000Z,168.84,169.34,168.2302,169.08,49013991,167.6474239714,168.1438922964,167.0419312023,167.8857287674,49013991,0.0,1.0
2024-04-03T00:00:00.000Z,169.65,170.68,168.58,168.79,45571129,168.4517026579,169.4744274073,167.3892604424,167.5977771389,45571129,0.0,1.0
2024-04-04T00:00:00.000Z,168.82,171.92,168.82,170.29,53355055,167.6275652384,170.7056688532,167.6275652384,169.0871821138,53355055,0.0,1.0
2024-04-05T00:00:00.000Z,169.58,170.39,168.95,169.59,41975776,168.3821970924,169.1864757788,167.7566470029,168.3921264589,41975776,0.0,1.0
2024-04-08T00:00:00.000Z,168.45,169.2,168.24,169.03,37216858,167.260178678,168.0048811654,167.0516619815,167.8360819349,37216858,0.0,1.0
2024-04-09T00:00:00.000Z,169.67,170.08,168.35,168.7,42231444,168.4715613908,168.8786654173,167.160885013,167.5084128404,42231444,0.0,1.0
2024-04-10T00:00:00.000Z,167.78,169.09,167.11,168.8,49709336,166.5949111225,167.8956581339,165.9296435671,167.6077065054,49709336,0.0,1.0
2024-04-11T00:00:00.000Z,175.04,175.46,168.16,168.34,91070275,173.8036312009,174.2206645938,166.9722270495,167.1509556465,91070275,0.0,1.0
2024-04-12T00:00:00.000Z,176.55,178.36,174.21,174.26,101670886,175.3029655423,177.1001808786,172.9794937815,173.029140614,101670886,0.0,1.0
2024-04-15T00:00:00.000Z,172.69,176.63,172.5,175.36,73531773,171.4702300736,175.3824004742,171.2815721101,174.1213709289,73531773,0.0,1.0
2024-04-16T00:00:00.000Z,169.38,173.76,168.27,171.75,73711235,168.1836097624,172.532672289,167.081450081,170.5368696227,73711235,0.0,1.0
2024-04-17T00:00:00.000Z,168.0,170.65,168.0,169.61,50901210,166.8133571855,169.4446393078,166.8133571855,168.4119851919,50901210,0.0,1.0
2024-04-18T00:00:00.000Z,167.04,168.64,166.55,168.03,43122903,165.8601380016,167.4488366414,165.3735990431,166.843145285,43122903,0.0,1.0
2024-04-19T00:00:00.000Z,165.0,166.4,164.075,166.21,68149377,163.8345472358,165.2246585456,162.9160808346,165.0360005821,68149377,0.0,1.0
2024-04-22T00:00:00.000Z,165.84,167.26,164.77,165.515,48116443,164.6686140217,166.0785840646,163.6061718063,164.3459096105,48116443,0.0,1.0
2024-04-23T00:00:00.000Z,166.9,167.05,164.92,165.35,49537761,165.7211268706,165.8700673681,163.7551123038,164.1820750632,49537761,0.0,1.0
2024-04-24T00:00:00.000Z,169.02,169.3,166.21,166.54,48251835,167.8261525684,168.1041748304,165.0360005821,165.3636696766,48251835,0.0,1.0
2024-04-25T00:00:00.000Z,169.89,170.61,168.1511,169.525,50558329,168.6900074538,169.4049218418,166.9633899133,168.3275855766,50558329,0.0,1.0
2024-04-26T00:00:00.000Z,169.3,171.34,169.18,169.88,44838354,168.1041748304,170.1297655962,167.9850224324,168.6800780873,44838354,0.0,1.0
2024-04-29T00:00:00.000Z,173.5,176.03,173.1,173.37,68169419,172.27450876,174.7866384843,171.8773341001,172.1454269955,68169419,0.0,1.0
2024-04-30T00:00:00.000Z,170.33,174.99,170.0,173.33,65934776,169.1268995798,173.7539843684,168.7992304853,172.1057095295,65934776,0.0,1.0
2024-05-01T00:00:00.000Z,169.3,172.705,169.11,169.58,50383147,168.1041748304,171.4851241233,167.9155168669,168.3821970924,50383147,0.0,1.0
2024-05-02T00:00:00.000Z,173.03,173.415,170.89,172.51,94214915,171.8078285346,172.1901091448,169.6829441037,171.2915014766,94214915,0.0,1.0
2024-05-03T00:00:00.000Z,183.38,187.0,182.66,186.645,163224109,182.0847228612,185.6791535339,181.3698084732,185.3266610231,163224109,0.0,1.0
2024-05-06T00:00:00.000Z,181.71,184.2,180.42,182.354,78569667,180.4265186558,182.8989309141,179.1456303774,181.0659698584,78569667,0.0,1.0
2024-05-07T00:00:00.000Z,182.4,184.9,181.32,183.45,77305771,181.1116449442,183.593986569,180.0392733623,182.1542284267,77305771,0.0,1.0
2024-05-08T00:00:00.000Z,182.74,183.07,181.45,182.85,45057087,181.4492434052,181.7769124997,180.1683551268,181.5584664367,45057087,0.0,1.0
2024-05-09T00:00:00.000Z,184.57,184.66,182.11,182.56,48982972,183.2663174746,183.3556817731,180.8236933158,181.2705148082,48982972,0.0,1.0
2024-05-10T00:00:00.000Z,183.05,185.09,182.13,184.9,50759496,182.0052879292,184.0336451396,181.090538599,183.8447295171,50759496,0.25,1.0
2024-05-13T00:00:00.000Z,186.28,187.1,184.62,185.435,72044809,185.2168535124,186.0321735676,183.566327547,184.3766761385,72044809,0.0,1.0
2024-05-14T00:00:00.000Z,187.43,188.3,186.29,187.51,52393619,186.3602901752,187.2253248679,185.2267964399,186.4398335952,52393619,0.0,1.0
2024-05-15T00:00:00.000Z,189.72,190.65,187.37,187.91,70399988,188.6372205732,189.5619128309,186.3006326102,186.8375506953,70399988,0.0,1.0
2024-05-16T00:00:00.000Z,189.84,191.095,189.6601,190.47,52845230,188.7565357032,190.0043731048,188.5776624375,189.3829401359,52845230,0.0,1.0
2024-05-17T00:00:00.000Z,189.87,190.81,189.18,189.51,41282925,188.7863644857,189.7209996709,188.1003024881,188.4284190956,41282925,0.0,1.0
2024-05-20T00:00:00.000Z,191.04,191.9199,189.01,189.325,44361275,189.9496870035,190.8245651944,187.9312727205,188.2444749368,44361275,0.0,1.0
2024-05-21T00:00:00.000Z,192.35,192.73,190.9201,191.09,42309401,191.2522105063,191.6300417514,189.8304713027,189.999401641,42309401,0.0,1.0
2024-05-22T00:00:00.000Z,190.9,192.8231,190.27,192.265,34648547,189.8104860185,191.7226104064,189.1840815858,191.1676956225,34648547,0.0,1.0
2024-05-23T00:00:00.000Z,186.88,191.0,186.625,190.98,51005924,185.8134291625,189.9099152935,185.5598845112,189.8900294385,51005924,0.0,1.0
2024-05-24T00:00:00.000Z,189.98,190.58,188.0404,188.82,36326975,188.8957366882,189.4923123384,186.9672064699,187.742357098,36326975,0.0,1.0
2024-05-28T00:00:00.000Z,189.99,193.0,189.1,191.51,52280051,188.9056796158,191.8985007939,188.020759068,190.4170045961,52280051,0.0,1.0
2024-05-29T00:00:00.000Z,190.29,192.247,189.51,189.61,53068016,189.2039674408,191.149798353,188.4284190956,188.5278483707,53068016,0.0,1.0
2024-05-30T00:00:00.000Z,191.29,192.18,190.63,190.76,49947941,190.198260191,191.0831807387,189.5420269759,189.6712850334,49947941,0.0,1.0
2024-05-31T00:00:00.000Z,192.25,192.57,189.91,191.44,75158277,191.1527812313,191.4709549113,188.8261361957,190.3474041036,75158277,0.0,1.0
2024-06-03T00:00:00.000Z,194.03,194.99,192.52,192.9,50080539,192.9226223267,193.8771433669,191.4212402738,191.7990715189,50080539,0.0,1.0
2024-06-04T00:00:00.000Z,194.35,195.32,193.0342,194.635,47471445,193.2407960067,194.2052599745,191.932505606,193.5241694406,47471445,0.0,1.0
2024-06-05T00:00:00.000Z,195.87,196.9,194.87,195.4,54156785,194.7521209871,195.7762425198,193.7578282369,194.2848033945,54156785,0.0,1.0
2024-06-06T00:00:00.000Z,194.48,196.5,194.17,195.685,41181753,193.3700540643,195.3785254197,193.0618233117,194.5681768283,41181753,0.0,1.0
2024-06-07T00:00:00.000Z,196.89,196.94,194.14,194.65,53103912,195.7662995923,195.8160142298,193.0319945292,193.5390838318,53103912,0.0,1.0
2024-06-10T00:00:00.000Z,193.12,197.3,192.15,196.9,97262077,192.017815924,196.1739596199,191.0533519562,195.7762425198,97262077,0.0,1.0
2024-06-11T00:00:00.000Z,207.15,207.16,193.63,193.65,172373296,205.9677432097,205.9776861372,192.5249052266,192.5447910816,172373296,0.0,1.0
2024-06-12T00:00:00.000Z,213.07,220.2,206.9,207.37,198134293,211.853956291,218.9432636001,205.7191700221,206.1864876147,198134293,0.0,1.0
2024-06-13T00:00:00.000Z,214.24,216.75,211.6,214.74,97862729,213.0172788088,215.5129536118,210.3923459482,213.5144251839,97862729,0.0,1.0
2024-06-14T00:00:00.000Z,212.49,215.17,211.3,213.85,70122748,211.2772664959,213.9419710665,210.0940581231,212.6295046362,70122748,0.0,1.0
2024-06-17T00:00:00.000Z,216.67,218.95,212.72,213.37,93728300,215.4334101918,217.7003976623,211.5059538284,212.1522441161,93728300,0.0,1.0
2024-06-18T00:00:00.000Z,214.29,218.63,213.0,217.59,79943254,213.0669934463,217.3822239823,211.7843557985,216.348159522,79943254,0.0,1.0
2024-06-20T00:00:00.000Z,209.68,214.24,208.85,213.93,86172451,208.4833038677,213.0172788088,207.658040885,212.7090480562,86172451,0.0,1.0
2024-06-21T00:00:00.000Z,207.49,211.89,207.11,210.39,246421353,206.3058027447,210.6806908457,205.9279714996,209.1892517204,246421353,0.0,1.0
2024-06-24T00:00:00.000Z,208.14,212.7,206.59,207.72,80727006,206.9520930324,211.4860679734,205.4109392695,206.5344900773,80727006,0.0,1.0
2024-06-25T00:00:00.000Z,209.07,211.38,208.61,209.15,56713868,207.8767852901,210.1736015431,207.419410625,207.9563287101,56713868,0.0,1.0
2024-06-26T00:00:00.000Z,213.25,214.86,210.64,211.5,66213186,212.032928986,213.6337403139,209.437824908,210.2929166731,66213186,0.0,1.0
2024-06-27T00:00:00.000Z,214.1,215.7395,212.35,214.69,49772707,212.8780778237,214.5082207877,211.1380655108,213.4647105464,49772707,0.0,1.0
2024-06-28T00:00:00.000Z,210.62,216.07,210.3,215.77,82542718,209.4179390529,214.8368345417,209.0997653729,214.5385467166,82542718,0.0,1.0
2024-07-01T00:00:00.000Z,216.75,217.51,211.92,212.09,60402929,215.5129536118,216.268616102,210.7105196282,210.8795493958,60402929,0.0,1.0
2024-07-02T00:00:00.000Z,220.27,220.38,215.1,216.15,58046178,219.0128640926,219.1222362952,213.872370574,214.9163779617,58046178,0.0,1.0
2024-07-03T00:00:00.000Z,221.55,221.55,219.03,220.0,37369801,220.2855588129,220.2855588129,217.7799410824,218.7444050501,37369801,0.0,1.0
2024-07-05T00:00:00.000Z,226.34,226.45,221.65,221.65,60412408,225.0482210865,225.1575932891,220.384988088,220.384988088,60412408,0.0,1.0
2024-07-08T00:00:00.000Z,227.82,227.85,223.25,227.09,59085861,226.5197743569,226.5496031394,221.9758564883,225.7939406492,59085861,0.0,1.0
2024-07-09T00:00:00.000Z,228.68,229.4,226.3721,227.93,48169822,227.3748661221,228.0907569022,225.0801378838,226.6291465594,48169822,0.0,1.0
2024-07-10T00:00:00.000Z,232.98,233.08,229.25,229.3,62627687,231.650324948,231.7497542231,227.9416129897,227.9913276272,62627687,0.0,1.0
2024-07-11T00:00:00.000Z,227.57,232.39,225.77,231.39,64710617,226.2712011693,231.0636922254,224.4814742189,230.0693994752,64710617,0.0,1.0
2024-07-12T00:00:00.000Z,230.54,232.64,228.68,228.92,53046527,229.2242506375,231.312265413,227.3748661221,227.6134963821,53046527,0.0,1.0
2024-07-15T00:00:00.000Z,234.4,237.23,233.09,236.48,62631252,233.0622206534,235.8760691365,231.7596971506,235.1303495738,62631252,0.0,1.0
2024-07-16T00:00:00.000Z,234.82,236.27,232.33,235.0,43234278,233.4798236085,234.9215480963,231.0040346604,233.6587963035,43234278,0.0,1.0
2024-07-17T00:00:00.000Z,228.88,231.4599,226.64,229.45,57345884,227.5737246721,230.1389005384,225.3465089116,228.1404715397,57345884,0.0,1.0
2024-07-18T00:00:00.000Z,224.18,230.44,222.27,230.28,66034585,222.900548746,229.1248213625,221.0014495931,228.9657345224,66034585,0.0,1.0
2024-07-19T00:00:00.000Z,224.31,226.8,223.275,224.82,49151453,223.0298068036,225.5055957516,222.0007138071,223.5368961062,49151453,0.0,1.0
2024-07-22T00:00:00.000Z,223.96,227.78,223.09,227.01,48201835,222.681804341,226.4800026469,221.8167696483,225.7143972292,48201835,0.0,1.0
2024-07-23T00:00:00.000Z,225.01,226.94,222.68,224.365,39960260,223.7258117287,225.6447967367,221.4091096207,223.0844929048,39960260,0.0,1.0
2024-07-24T00:00:00.000Z,218.54,224.8,217.13,224.0,61777576,217.2927376348,223.5170102512,215.8907848569,222.721576051,61777576,0.0,1.0
2024-07-25T00:00:00.000Z,217.49,220.85,214.62,218.93,51391199,216.248730247,219.5895538878,213.3951100539,217.6805118073,51391199,0.0,1.0
2024-07-26T00:00:00.000Z,217.96,219.49,216.01,218.7,41601345,216.7160478396,218.2373157475,214.7771769767,217.4518244748,41601345,0.0,1.0
2024-07-29T00:00:00.000Z,218.24,219.3,215.75,216.96,36311778,216.9944498097,218.0484001249,214.5186608616,215.7217550894,36311778,0.0,1.0
2024-07-30T00:00:00.000Z,218.8,220.325,216.12,219.19,41643840,217.5512537498,219.0675501939,214.8865491792,217.9390279224,41643840,0.0,1.0
2024-07-31T00:00:00.000Z,222.08,223.82,220.63,221.44,50036262,220.8125339706,222.542603356,219.3708094827,220.1761866104,50036262,0.0,1.0
2024-08-01T00:00:00.000Z,218.36,224.48,217.02,224.37,62500996,217.1137649397,223.1988365711,215.7814126544,223.0894643686,62500996,0.0,1.0
2024-08-02T00:00:00.000Z,219.86,225.6,217.71,219.15,105568560,218.6052040651,224.3124444514,216.4674746521,217.8992562124,105568560,0.0,1.0
2024-08-05T00:00:00.000Z,209.27,213.5,196.0,199.09,119548589,208.0756438401,212.2815021736,194.8813790446,197.9537436428,119548589,0.0,1.0
2024-08-06T00:00:00.000Z,207.23,209.99,201.07,205.3,69660488,206.0472866297,208.7915346203,199.9224432883,204.1283016217,69660488,0.0,1.0
2024-08-07T00:00:00.000Z,209.82,213.64,206.39,206.9,63516417,208.6225048528,212.4207031586,205.2120807195,205.7191700221,63516417,0.0,1.0
2024-08-08T00:00:00.000Z,213.31,214.2,208.83,213.11,47161149,212.0925865511,212.9775070988,207.63815503,211.893728001,47161149,0.0,1.0
2024-08-09T00:00:00.000Z,216.24,216.78,211.97,212.1,42201646,215.0058643092,215.5427823944,210.7602342658,210.8894923233,42201646,0.0,1.0
2024-08-12T00:00:00.000Z,217.53,219.5099,215.6,216.07,38028092,216.5370751446,218.5079378076,214.6158847109,215.0837393761,38028092,0.25,1.0
2024-08-13T00:00:00.000Z,221.27,221.89,219.01,219.01,44155331,220.2600037569,220.8771737408,218.0103196222,218.0103196222,44155331,0.0,1.0
2024-08-14T00:00:00.000Z,221.72,223.03,219.7,220.57,41960574,220.7079497129,222.0119701627,218.6971700881,219.5631989364,41960574,0.0,1.0
2024-08-15T00:00:00.000Z,224.72,225.35,222.76,224.6,46414013,223.6942560865,224.3213804249,221.7432025891,223.5748038315,46414013,0.0,1.0
2024-08-16T00:00:00.000Z,226.05,226.8271,223.6501,223.92,44340240,225.0181852454,225.7917381397,222.6292396901,222.8979077202,44340240,0.0,1.0
2024-08-19T00:00:00.000Z,225.89,225.99,223.04,225.72,40687813,224.8589155721,224.9584591179,222.0219245173,224.6896915443,40687813,0.0,1.0
2024-08-20T00:00:00.000Z,226.51,227.17,225.45,225.77,30299033,225.476085556,226.1330729582,224.4209239707,224.7394633172,30299033,0.0,1.0
2024-08-21T00:00:00.000Z,226.4,227.98,225.05,226.52,34765480,225.3665876556,226.939375679,224.0227497876,225.4860399106,34765480,0.0,1.0
2024-08-22T00:00:00.000Z,224.53,228.34,223.9,227.79,43695321,223.5051233495,227.2977324439,222.877999011,226.750242942,43695321,0.0,1.0
2024-08-23T00:00:00.000Z,226.84,228.22,224.33,225.6589,38677250,225.8045792571,227.1782801889,223.3060362579,224.6288704378,38677250,0.0,1.0
2024-08-26T00:00:00.000Z,227.18,227.28,223.8905,226.76,30602208,226.1430273128,226.2425708585,222.8685423742,225.7249444205,30602208,0.0,1.0
2024-08-27T00:00:00.000Z,228.03,228.85,224.89,225.995,35934559,226.9891474519,227.8054045274,223.8634801143,224.9634362952,35934559,0.0,1.0
2024-08-28T00:00:00.000Z,226.49,229.86,225.68,227.92,38052167,225.4561768469,228.8107943398,224.649874126,226.8796495516,38052167,0.0,1.0
2024-08-29T00:00:00.000Z,229.79,232.92,228.88,230.1,51906297,228.7411138577,231.8568268408,227.8352675911,229.0496988497,51906297,0.0,1.0
2024-08-30T00:00:00.000Z,229.0,230.4,227.48,230.19,52990770,227.954719846,229.348329487,226.4416579501,229.1392880409,52990770,0.0,1.0
2024-09-03T00:00:00.000Z,222.77,229.0,221.17,228.55,50190574,221.7531569437,227.954719846,220.1604602111,227.50677389,50190574,0.0,1.0
2024-09-04T00:00:00.000Z,220.85,221.78,217.48,221.66,43262758,219.8419208646,220.7676758404,216.4873033717,220.6482235855,43262758,0.0,1.0
2024-09-05T00:00:00.000Z,222.38,225.48,221.52,221.625,36615398,221.3649371151,224.4507870344,220.5088626214,220.6133833444,36615398,0.0,1.0
2024-09-06T00:00:00.000Z,220.82,225.24,219.77,223.95,48423011,219.8120578009,224.2118825245,218.7668505701,222.9277707839,48423011,0.0,1.0
2024-09-09T00:00:00.000Z,220.91,221.27,216.71,220.82,67179965,219.9016469921,220.2600037569,215.7208180691,219.8120578009,67179965,0.0,1.0
2024-09-10T00:00:00.000Z,220.11,221.48,216.73,218.92,51591033,219.1052986258,220.4690452031,215.7407267783,217.920730431,51591033,0.0,1.0
2024-09-11T00:00:00.000Z,222.66,223.09,217.89,221.455,44587072,221.6436590433,222.0716962902,216.8954319094,220.4441593166,44587072,0.0,1.0
2024-09-12T00:00:00.000Z,222.77,223.55,219.82,222.5,37498225,221.7531569437,222.5295966008,218.816622343,221.4843893701,37498225,0.0,1.0
2024-09-13T00:00:00.000Z,222.5,224.04,221.91,223.58,36766619,221.4843893701,223.0173599751,220.8970824499,222.5594596645,36766619,0.0,1.0
2024-09-16T00:00:00.000Z,216.32,217.22,213.92,216.54,59357427,215.3325982406,216.2284901526,212.9435531418,215.5515940413,59357427,0.0,1.0
2024-09-17T00:00:00.000Z,216.79,216.9,214.5,215.75,45519339,215.8004529058,215.9099508061,213.5209057073,214.7652000296,45519339,0.0,1.0
2024-09-18T00:00:00.000Z,220.69,222.71,217.54,217.55,59894928,219.6826511914,221.6934308162,216.5470294992,216.5569838537,59894928,0.0,1.0
2024-09-19T00:00:00.000Z,228.87,229.82,224.63,224.99,66781315,227.8253132365,228.7709769215,223.6046668953,223.9630236601,66781315,0.0,1.0
2024-09-20T00:00:00.000Z,228.2,233.09,227.62,229.97,318679888,227.1583714798,232.0260508686,226.5810189142,228.9202922401,318679888,0.0,1.0
2024-09-23T00:00:00.000Z,226.47,229.45,225.81,227.34,54146023,225.4362681377,228.4026658021,224.7792807355,226.302296986,54146023,0.0,1.0
2024-09-24T00:00:00.000Z,227.37,229.35,225.73,228.645,43556068,226.3321600498,228.3031222563,224.6996458989,227.6013402585,43556068,0.0,1.0
2024-09-25T00:00:00.000Z,226.37,227.29,224.02,224.93,42308715,225.3367245919,226.2525252131,222.997451266,223.9032975326,42308715,0.0,1.0
2024-09-26T00:00:00.000Z,227.52,228.5,225.41,227.3,36636707,226.4814753684,227.4570021171,224.3811065524,226.2624795677,36636707,0.0,1.0
2024-09-27T00:00:00.000Z,227.79,229.52,227.3,228.46,34025967,226.750242942,228.4723462841,226.2624795677,227.4171846988,34025967,0.0,1.0
2024-09-30T00:00:00.000Z,233.0,233.0,229.65,230.04,54793391,231.9364616774,231.9364616774,228.6017528936,228.9899727222,54793391,0.0,1.0
2024-10-01T00:00:00.000Z,226.21,229.65,223.74,229.52,63285048,225.1774549187,228.6017528936,222.7187293378,228.4723462841,63285048,0.0,1.0
2024-10-02T00:00:00.000Z,226.78,227.37,223.02,225.89,32880605,225.7448531296,226.3321600498,222.0020158081,224.8589155721,32880605,0.0,1.0
2024-10-03T00:00:00.000Z,225.67,226.805,223.32,225.14,34044158,224.6399197714,225.7697390161,222.3006464455,224.1123389788,34044158,0.0,1.0
2024-10-04T00:00:00.000Z,226.8,228.0,224.13,227.9,37345098,225.7647618388,226.9592843882,223.1069491663,226.8597408424,37345098,0.0,1.0
2024-10-07T00:00:00.000Z,221.69,225.69,221.33,224.5,39505354,220.6780866492,224.6598284806,220.3197298844,223.4752602857,39505354,0.0,1.0
2024-10-08T00:00:00.000Z,225.77,225.98,223.25,224.3,31855693,224.7394633172,224.9485047634,222.2309659634,223.2761731942,31855693,0.0,1.0
2024-10-09T00:00:00.000Z,229.54,229.75,224.83,225.23,33591091,228.4922549933,228.7012964394,223.8037539868,224.20192817,33591091,0.0,1.0
2024-10-10T00:00:00.000Z,229.04,229.5,227.17,227.78,28183544,227.9945372643,228.452437575,226.1330729582,226.7402885875,28183544,0.0,1.0
2024-10-11T00:00:00.000Z,227.55,229.41,227.34,229.3,31759188,226.5113384322,228.3628483838,226.302296986,228.2533504834,31759188,0.0,1.0
2024-10-14T00:00:00.000Z,231.3,231.73,228.6,228.7,39882085,230.2442213991,230.6722586459,227.5565456629,227.6560892087,39882085,0.0,1.0
2024-10-15T00:00:00.000Z,233.85,237.49,232.37,233.61,64751367,232.7825818166,236.4059668831,231.309337339,232.5436773067,64751367,0.0,1.0
2024-10-16T00:00:00.000Z,231.78,232.12,229.84,231.6,34082240,230.7220304188,231.0604784745,228.7908856306,230.5428520364,34082240,0.0,1.0
2024-10-17T00:00:00.000Z,232.15,233.85,230.52,233.43,32993810,231.0903415382,232.7825818166,229.467781742,232.3644989243,32993810,0.0,1.0
2024-10-18T00:00:00.000Z,235.0,236.18,234.01,236.18,46431472,233.9273325931,235.1019464333,232.9418514898,235.1019464333,46431472,0.0,1.0
2024-10-21T00:00:00.000Z,236.48,236.85,234.45,234.45,36254470,235.4005770707,235.7688881901,233.3798430913,233.3798430913,36254470,0.0,1.0
2024-10-22T00:00:00.000Z,235.86,236.22,232.6,233.885,38846578,234.7834070868,235.1417638517,231.5382874943,232.8174220576,38846578,0.0,1.0
2024-10-23T00:00:00.000Z,230.76,235.144,227.76,234.08,52286979,229.7066862518,234.070675299,226.7203798783,233.0115319719,52286979,0.0,1.0
2024-10-24T00:00:00.000Z,230.57,230.82,228.41,229.98,31109503,229.5175535148,229.7664123793,227.3674129259,228.9302465947,31109503,0.0,1.0
2024-10-25T00:00:00.000Z,231.41,233.22,229.57,229.74,38802304,230.3537192994,232.1554574781,228.522118057,228.6913420848,38802304,0.0,1.0
2024-10-28T00:00:00.000Z,233.4,234.73,232.55,233.32,36087134,232.3346358605,233.6585650195,231.4885157214,232.2550010239,36087134,0.0,1.0
2024-10-29T00:00:00.000Z,233.67,234.325,232.32,233.1,35417247,232.6034034342,233.255413659,231.2595655661,232.0360052232,35417247,0.0,1.0
2024-10-30T00:00:00.000Z,230.1,233.47,229.55,232.61,47070907,229.0496988497,232.4043163426,228.5022093478,231.5482418488,47070907,0.0,1.0
2024-10-31T00:00:00.000Z,225.91,229.83,225.37,229.34,64370086,224.8788242813,228.780931276,224.3412891341,228.2931679017,64370086,0.0,1.0
2024-11-01T00:00:00.000Z,222.91,225.35,220.27,220.965,65276741,221.8925179078,224.3213804249,219.2645682991,219.9563959423,65276741,0.0,1.0
2024-11-04T00:00:00.000Z,222.01,222.79,219.71,220.99,44944468,220.9966259957,221.7730656528,218.7071244427,219.9812818287,44944468,0.0,1.0
2024-11-05T00:00:00.000Z,223.45,223.95,221.14,221.795,28111338,222.430053055,222.9277707839,220.1305971474,220.7826073723,28111338,0.0,1.0
2024-11-06T00:00:00.000Z,222.72,226.065,221.19,222.61,54561121,221.7033851708,225.0331167773,220.1803689203,221.5938872704,54561121,0.0,1.0
2024-11-07T00:00:00.000Z,227.48,227.875,224.57,224.625,42137691,226.4416579501,226.834854956,223.5449407678,223.599689718,42137691,0.0,1.0
2024-11-08T00:00:00.000Z,226.96,228.66,226.405,227.17,38328824,226.1728903765,227.866994684,225.6198151467,226.3821620851,38328824,0.25,1.0
2024-11-11T00:00:00.000Z,224.23,225.7,221.5,225.0,42005602,223.452358165,224.917260125,220.7318259534,224.2196877631,42005602,0.0,1.0
2024-11-12T00:00:00.000Z,224.23,225.59,223.355,224.55,40398299,223.452358165,224.807641611,222.5803927126,223.7712483876,40398299,0.0,1.0
2024-11-13T00:00:00.000Z,225.12,226.65,222.76,224.01,48566217,224.3392715966,225.8639654734,221.9874562049,223.2331211369,48566217,0.0,1.0
2024-11-14T00:00:00.000Z,228.22,228.87,225.0,225.02,44923941,227.428520628,228.0762663926,224.2196877631,224.239618402,44923941,0.0,1.0
2024-11-15T00:00:00.000Z,225.0,226.92,224.27,226.4,47923696,224.2196877631,226.1330290987,223.4922194428,225.614832487,47923696,0.0,1.0
2024-11-18T00:00:00.000Z,228.02,229.74,225.17,225.25,44686020,227.2292142388,228.9432491853,224.3890981938,224.4688207495,44686020,0.0,1.0
2024-11-19T00:00:00.000Z,228.28,230.16,226.66,226.98,36211774,227.4883125447,229.3617926025,225.8739307928,226.1928210154,36211774,0.0,1.0
2024-11-20T00:00:00.000Z,229.0,229.93,225.89,228.06,35169566,228.2058155455,229.132590255,225.1066011947,227.2690755167,35169566,0.0,1.0
2024-11-21T00:00:00.000Z,228.52,230.155,225.7103,228.88,42108327,227.7274802117,229.3568099427,224.9275244041,228.0862317121,42108327,0.0,1.0
2024-11-22T00:00:00.000Z,229.87,230.7199,228.06,228.06,38168252,229.0727983382,229.9197508388,227.2690755167,227.2690755167,38168252,0.0,1.0
2024-11-25T00:00:00.000Z,232.87,233.245,229.74,231.46,90152832,232.0623941751,232.4360936547,228.9432491853,230.6572841318,90152832,0.0,1.0
2024-11-26T00:00:00.000Z,235.06,235.57,233.33,233.33,45986189,234.244799136,234.7530304282,232.5207988701,232.5207988701,45986189,0.0,1.0
2024-11-27T00:00:00.000Z,234.93,235.69,233.8101,234.465,33498439,234.115249983,234.8726142617,232.9992338571,233.6518626283,33498439,0.0,1.0
2024-11-29T00:00:00.000Z,237.33,237.81,233.97,234.81,28481377,236.5069266525,236.9852619864,233.1585793152,233.9956661496,28481377,0.0,1.0
2024-12-02T00:00:00.000Z,239.59,240.79,237.16,237.27,48137103,238.7590888496,239.9549271843,236.3375162218,236.4471347358,48137103,0.0,1.0
2024-12-03T00:00:00.000Z,242.65,242.76,238.9,239.81,38861017,241.8084766032,241.9180951172,238.0714818071,238.9783258776,38861017,0.0,1.0
2024-12-04T00:00:00.000Z,243.01,244.11,241.25,242.87,44383935,242.1672281036,243.2634132438,240.4133318793,242.0277136312,44383935,0.0,1.0
2024-12-05T00:00:00.000Z,243.04,244.54,242.13,243.99,40033878,242.197124062,243.6919219804,241.2902799915,243.1438294103,40033878,0.0,1.0
2024-12-06T00:00:00.000Z,242.84,244.63,242.08,242.905,36870619,241.9978176728,243.7816098555,241.2404533942,242.0625922493,36870619,0.0,1.0
2024-12-09T00:00:00.000Z,246.75,247.24,241.75,241.83,44649232,245.8942575802,246.3825582335,240.9115978521,240.9913204078,44649232,0.0,1.0
2024-12-10T00:00:00.000Z,247.77,248.21,245.34,246.89,36914806,246.9107201647,247.3491942208,244.4891475369,246.0337720526,36914806,0.0,1.0
2024-12-11T00:00:00.000Z,246.49,250.8,246.2601,247.96,45205814,245.6351592743,249.9302119599,245.40605658,247.1000612344,45205814,0.0,1.0
2024-12-12T00:00:00.000Z,247.96,248.74,245.68,246.89,32777532,247.1000612344,247.877356152,244.8279683984,246.0337720526,32777532,0.0,1.0
2024-12-13T00:00:00.000Z,248.13,249.2902,246.24,247.815,33155290,247.2694716651,248.4256480284,245.3860262879,246.9555641023,33155290,0.0,1.0
2024-12-16T00:00:00.000Z,251.04,251.38,247.65,247.99,51694753,250.1693796269,250.5082004884,246.7911363312,247.1299571928,51694753,0.0,1.0
2024-12-17T00:00:00.000Z,253.48,253.83,249.78,250.08,51356360,252.6009175742,252.9497037551,248.9137493754,249.2127089591,51356360,0.0,1.0
2024-12-18T00:00:00.000Z,248.05,254.28,247.74,252.16,56774101,247.1897491095,253.3981431307,246.8808242064,251.285495406,56774101,0.0,1.0
2024-12-19T00:00:00.000Z,249.79,252.0,247.0949,247.5,60882264,248.9237146949,251.1260502947,246.2379614482,246.6416565394,60882264,0.0,1.0
2024-12-20T00:00:00.000Z,254.49,255.0,245.69,248.04,147495267,253.6074148392,254.1156461315,244.8379337178,247.17978379,147495267,0.0,1.0
2024-12-23T00:00:00.000Z,255.27,255.65,253.45,254.77,40858774,254.3847097568,254.7633918962,252.5710216158,253.886443784,40858774,0.0,1.0
2024-12-24T00:00:00.000Z,258.2,258.21,255.29,255.49,23234705,257.3045483575,257.3145136769,254.4046403957,254.6039467849,23234705,0.0,1.0
2024-12-26T00:00:00.000Z,259.02,260.1,257.63,258.19,27262983,258.1217045529,259.1979590541,256.7365251485,257.294583038,27262983,0.0,1.0
2024-12-27T00:00:00.000Z,255.59,258.7,253.06,257.83,42355321,254.7035999794,257.8028143303,252.182374157,256.9358315376,42355321,0.0,1.0
2024-12-30T00:00:00.000Z,252.2,253.5,250.75,252.23,35557542,251.3253566838,252.6208482131,249.8803853626,251.3552526422,35557542,0.0,1.0
2024-12-31T00:00:00.000Z,250.42,253.28,249.43,252.44,39480718,249.5515298206,252.4016111851,248.5649631944,251.5645243507,39480718,0.0,1.0
2025-01-02T00:00:00.000Z,243.85,249.1,241.8201,248.93,55740731,243.0043149379,248.2361076524,240.9814547415,248.0666972216,55740731,0.0,1.0
2025-01-03T00:00:00.000Z,243.36,244.18,241.89,243.36,40244114,242.5160142846,243.33317048,241.0511123245,242.5160142846,40244114,0.0,1.0
2025-01-06T00:00:00.000Z,245.0,247.33,243.2,244.31,45045571,244.1503266754,246.4722461086,242.3565691733,243.4627196329,45045571,0.0,1.0
2025-01-07T00:00:00.000Z,242.21,245.55,241.35,242.98,40855960,241.3700025471,244.6984192455,240.5129850739,242.1373321452,40855960,0.0,1.0
2025-01-08T00:00:00.000Z,242.7,243.7123,240.05,241.92,37628940,241.8583032005,242.867092489,239.2174935446,241.0810082829,37628940,0.0,1.0
2025-01-10T00:00:00.000Z,236.85,240.16,233.0,240.01,61710856,236.0285913186,239.3271120586,232.191943328,239.1776322668,61710856,0.0,1.0
2025-01-13T00:00:00.000Z,234.4,234.67,229.72,233.53,49630725,233.5870880519,233.8561516772,228.9233185464,232.7201052592,49630725,0.0,1.0
2025-01-14T00:00:00.000Z,233.28,236.12,232.472,234.75,39435294,232.4709722728,235.3011229983,231.6657744607,233.9358742328,39435294,0.0,1.0
2025-01-15T00:00:00.000Z,237.87,238.96,234.43,234.635,39831969,237.0450539031,238.1312737239,233.6169840102,233.8212730591,39831969,0.0,1.0
2025-01-16T00:00:00.000Z,228.26,238.01,228.03,237.35,71759052,227.4683819058,237.1845683755,227.2391795583,236.5268572914,71759052,0.0,1.0
2025-01-17T00:00:00.000Z,229.98,232.29,228.48,232.115,68488301,229.1824168523,231.4844056466,227.6876189338,231.3100125561,68488301,0.0,1.0
2025-01-21T00:00:00.000Z,222.64,224.42,219.38,224.0,98070429,221.8678723714,223.6416992346,218.6191782287,223.2231558175,98070429,0.0,1.0
2025-01-22T00:00:00.000Z,223.83,224.12,219.79,219.79,64126500,223.0537453867,223.342739651,219.0277563264,219.0277563264,64126500,0.0,1.0
2025-01-23T00:00:00.000Z,223.66,227.03,222.3,224.74,60234760,222.884334956,226.2426476127,221.5290515099,223.9605894572,60234760,0.0,1.0
2025-01-24T00:00:00.000Z,222.78,225.63,221.41,224.78,54697907,222.0073868438,224.8475028888,220.6421380783,224.0004507351,54697907,0.0,1.0
2025-01-27T00:00:00.000Z,229.86,232.15,223.98,224.02,94863418,229.0628330188,231.3448911742,223.2032251786,223.2430864564,94863418,0.0,1.0
2025-01-28T00:00:00.000Z,238.26,240.19,230.81,230.85,75707569,237.4337013619,239.357008017,230.0095383671,230.0493996449,75707569,0.0,1.0
2025-01-29T00:00:00.000Z,239.36,239.855,234.01,234.12,45486100,238.5298865021,239.0231698152,233.1984405931,233.3080591071,45486100,0.0,1.0
2025-01-30T00:00:00.000Z,237.59,240.79,237.21,238.665,55658279,236.7660249584,239.9549271843,236.387342819,237.8372967999,55658279,0.0,1.0
2025-01-31T00:00:00.000Z,236.0,247.19,233.44,247.19,101075128,235.1815391648,246.3327316363,232.6304173841,246.3327316363,101075128,0.0,1.0
2025-02-03T00:00:00.000Z,228.01,231.83,225.7,229.99,73063301,227.2192489194,231.0260009516,224.917260125,229.1923821717,73063301,0.0,1.0
2025-02-04T00:00:00.000Z,232.8,233.13,226.65,227.25,45067301,231.9926369389,232.3214924809,225.8639654734,226.4618846407,45067301,0.0,1.0
2025-02-05T00:00:00.000Z,232.47,232.67,228.27,228.53,39664989,231.6637813968,231.863087786,227.4783472253,227.7374455311,39664989,0.0,1.0
2025-02-06T00:00:00.000Z,233.22,233.8,230.425,231.285,29925349,232.411180356,232.9891688845,229.625873568,230.4828910413,29925349,0.0,1.0
2025-02-07T00:00:00.000Z,227.63,234.0,227.26,232.6,39707224,226.8405667801,233.1884752736,226.4718499602,231.7933305498,39707224,0.0,1.0
2025-02-10T00:00:00.000Z,227.65,230.585,227.2,229.57,33115645,227.1096304054,230.0376636373,226.660698564,229.0250729284,33115645,0.25,1.0
2025-02-11T00:00:00.000Z,232.62,235.23,228.13,228.2,53718362,232.0678331865,234.6716378663,227.5884910361,227.6583248781,53718362,0.0,1.0
2025-02-12T00:00:00.000Z,236.87,236.96,230.68,231.2,45243292,236.3077450214,236.3975313897,230.1324381371,230.6512038204,45243292,0.0,1.0
2025-02-13T00:00:00.000Z,241.53,242.3399,235.57,236.91,53614054,240.9566836451,241.7646611969,235.0108308131,236.347650074,53614054,0.0,1.0
2025-02-14T00:00:00.000Z,244.6,245.55,240.99,241.25,40896227,244.0193964294,244.9671414278,240.4179654355,240.6773482772,40896227,0.0,1.0
2025-02-18T00:00:00.000Z,244.47,245.18,241.84,244.15,48822491,243.8897050086,244.5980196916,241.2659478025,243.5704645881,48822491,0.0,1.0
2025-02-19T00:00:00.000Z,244.87,246.01,243.1604,244.66,32204215,244.2887555342,245.4260495323,242.5832135876,244.0792540083,32204215,0.0,1.0
2025-02-20T00:00:00.000Z,245.83,246.78,244.29,244.94,32316907,245.2464767958,246.1942217941,243.710132272,244.3585893762,32316907,0.0,1.0
2025-02-21T00:00:00.000Z,245.55,248.69,245.22,245.95,53197431,244.9671414278,248.0996880541,244.6379247442,245.3661919534,53197431,0.0,1.0
2025-02-24T00:00:00.000Z,247.1,248.86,244.42,244.925,51326396,246.5134622147,248.2692845275,243.8398236929,244.3436249815,51326396,0.0,1.0
2025-02-25T00:00:00.000Z,247.04,250.0,244.91,248.0,48013272,246.4536046358,249.4065785256,244.3286605868,247.4113258974,48013272,0.0,1.0
2025-02-26T00:00:00.000Z,240.36,244.98,239.13,244.33,44433564,239.7894608576,244.3984944288,238.5623804913,243.7500373246,44433564,0.0,1.0
2025-02-27T00:00:00.000Z,237.3,242.46,237.06,239.41,41153639,236.7367243365,241.8844761172,236.4972940211,238.8417158592,41153639,0.0,1.0
2025-02-28T00:00:00.000Z,241.84,242.09,230.2,236.95,56833360,241.2659478025,241.515354381,229.6535775063,236.3875551265,56833360,0.0,1.0
2025-03-03T00:00:00.000Z,238.03,244.0272,236.112,241.79,47183985,237.4649915458,243.4479560767,235.5515442753,241.2160664868,47183985,0.0,1.0
2025-03-04T00:00:00.000Z,235.93,240.07,234.68,237.705,53798062,235.3699762861,239.5001492265,234.1229433935,237.1407629937,53798062,0.0,1.0
2025-03-05T00:00:00.000Z,235.74,236.55,229.23,235.42,47227643,235.1804272865,235.9885046009,228.6858799817,234.8611868659,47227643,0.0,1.0
2025-03-06T00:00:00.000Z,235.33,237.86,233.1581,234.435,45170419,234.7714004977,237.2953950724,232.6046559061,233.8785249466,45170419,0.0,1.0
2025-03-07T00:00:00.000Z,239.07,241.37,234.76,235.105,46273565,238.5025229124,240.7970634349,234.2027534986,234.546934577,46273565,0.0,1.0
2025-03-10T00:00:00.000Z,227.48,236.16,224.22,235.54,71451281,226.940033932,235.5994303384,223.687772148,234.9809020236,71451281,0.0,1.0
2025-03-11T00:00:00.000Z,220.84,225.8399,217.45,223.805,76137410,220.3157952063,225.3038270142,216.9338420015,223.2737572277,76137410,0.0,1.0
2025-03-12T00:00:00.000Z,216.98,221.75,214.91,220.14,62547467,216.4649576339,221.2236351522,214.3998711637,219.6174567865,62547467,0.0,1.0
2025-03-13T00:00:00.000Z,209.68,216.8394,208.42,215.95,61368330,209.182285541,216.3246913741,207.9252763852,215.4374025304,61368330,0.0,1.0
2025-03-14T00:00:00.000Z,213.49,213.95,209.58,211.25,60107582,212.9832417977,213.4421499022,209.0825229095,210.7485588541,60107582,0.0,1.0
2025-03-17T00:00:00.000Z,214.0,215.22,209.97,213.31,48073426,213.4920312179,214.7091353211,209.471597172,212.8036690611,48073426,0.0,1.0
2025-03-18T00:00:00.000Z,212.69,215.15,211.49,214.16,42432426,212.1851407464,214.6393014791,210.9879891695,213.6516514281,42432426,0.0,1.0
2025-03-19T00:00:00.000Z,215.24,218.76,213.75,214.22,54385391,214.7290878474,218.240732473,213.2426246394,213.711509007,54385391,0.0,1.0
2025-03-20T00:00:00.000Z,214.1,217.4899,212.22,213.99,48862947,213.5917938493,216.9736472915,211.7162563788,213.4820549547,48862947,0.0,1.0
2025-03-21T00:00:00.000Z,218.27,218.84,211.28,211.56,94127768,217.7518955791,218.3205425781,210.7784876435,211.0578230115,94127768,0.0,1.0
2025-03-24T00:00:00.000Z,220.73,221.48,218.58,221.0,44299483,220.2060563118,220.9542760474,218.0611597365,220.4754154166,44299483,0.0,1.0
2025-03-25T00:00:00.000Z,223.75,224.1,220.08,220.77,34493583,223.2188877804,223.5680569903,219.5575992076,220.2459613644,34493583,0.0,1.0
2025-03-26T00:00:00.000Z,221.53,225.02,220.47,223.51,34532656,221.0041573631,224.4858731993,219.9466734701,222.979457465,34532656,0.0,1.0
2025-03-27T00:00:00.000Z,223.85,224.99,220.5601,221.39,37094774,223.3186504118,224.4559444099,220.036559601,220.8644896791,37094774,0.0,1.0
2025-03-28T00:00:00.000Z,217.9,223.81,217.68,221.67,39818617,217.3827738429,223.2787453592,217.1632960538,221.143825047,39818617,0.0,1.0
2025-03-31T00:00:00.000Z,222.13,225.62,216.23,217.005,65299321,221.6027331515,225.0844489877,215.7167378983,216.4898982918,65299321,0.0,1.0
2025-04-01T00:00:00.000Z,223.19,223.68,218.9,219.805,36412740,222.6602170445,223.1490539384,218.380400157,219.2832519712,36412740,0.0,1.0
2025-04-02T00:00:00.000Z,223.89,225.19,221.02,221.315,35905904,223.3585554643,224.6554696727,220.4953679429,220.7896677055,35905904,0.0,1.0
2025-04-03T00:00:00.000Z,203.19,207.49,201.25,205.54,103419006,202.7076907624,206.9974839131,200.7722957131,205.0521126006,103419006,0.0,1.0
2025-04-04T00:00:00.000Z,188.38,199.88,187.34,193.89,125910913,187.9328450506,199.4055476628,186.8953136839,193.4297660413,125910913,0.0,1.0
2025-04-07T00:00:00.000Z,181.46,194.15,174.62,177.2,160466286,181.029270957,193.6891488829,174.2055069685,176.7793828589,160466286,0.0,1.0
2025-04-08T00:00:00.000Z,172.42,190.335,169.2101,186.7,120859491,172.0107290775,189.8832044946,168.8084483719,186.2568328429,120859491,0.0,1.0
2025-04-09T00:00:00.000Z,198.85,200.61,171.89,171.95,184395885,198.3779925592,200.133814872,171.481987131,171.5418447099,184395885,0.0,1.0
2025-04-10T00:00:00.000Z,190.42,194.7799,183.0,189.065,121879981,189.9680027313,194.3175536982,182.5656154807,188.6162190757,121879981,0.0,1.0
2025-04-11T00:00:00.000Z,198.15,199.54,186.06,186.1,87435915,197.6796541394,199.066354716,185.6183520019,185.6582570544,87435915,0.0,1.0
2025-04-14T00:00:00.000Z,202.52,212.94,201.1621,211.44,101352911,202.039281132,212.4345473249,200.6846043601,210.9381078538,101352911,0.0,1.0
2025-04-15T00:00:00.000Z,202.14,203.51,199.8,201.855,51343872,201.6601831326,203.0269311829,199.3257375576,201.3758596331,51343872,0.0,1.0
2025-04-16T00:00:00.000Z,194.27,200.7,192.37,198.36,59732423,193.8088640406,200.2236012403,191.9133740438,197.8891556653,59732423,0.0,1.0
2025-04-17T00:00:00.000Z,196.98,198.8335,194.42,197.2,52164675,196.5124313519,198.361531725,193.9585079878,196.731909141,52164675,0.0,1.0
2025-04-21T00:00:00.000Z,193.16,193.8,189.8112,193.265,46742537,192.701498832,193.339979673,189.3606478313,192.806249595,46742537,0.0,1.0
2025-04-22T00:00:00.000Z,199.74,201.59,195.97,196.12,52976371,199.2658799788,201.1114886599,195.5048287746,195.6544727217,52976371,0.0,1.0
2025-04-23T00:00:00.000Z,204.6,208.0,202.799,206.0,52929165,204.1143438653,207.5062733333,202.3176188736,205.5110207051,52929165,0.0,1.0
2025-04-24T00:00:00.000Z,208.37,208.8299,202.94,204.89,47310989,207.8753950695,208.3342034113,202.4582841839,204.4036554964,47310989,0.0,1.0
2025-04-25T00:00:00.000Z,209.28,209.75,206.2,206.365,38222258,208.7832350153,209.2521193829,205.7105459679,205.8751543097,38222258,0.0,1.0
2025-04-28T00:00:00.000Z,210.14,211.5,207.46,210.0,38743074,209.6411936454,210.9979654326,206.9675551236,209.5015259615,38743074,0.0,1.0
2025-04-29T00:00:00.000Z,211.21,212.24,208.37,208.693,36827633,210.7086538015,211.7362089051,207.8753950695,208.1976283689,36827633,0.0,1.0
2025-04-30T00:00:00.000Z,212.5,213.58,206.6705,209.3,52286454,211.9955917467,213.073028166,206.1799291487,208.8031875416,52286454,0.0,1.0
2025-05-01T00:00:00.000Z,213.32,214.56,208.9,209.08,57365675,212.8136453243,214.0507019538,208.404137016,208.5837097525,57365675,0.0,1.0
2025-05-02T00:00:00.000Z,205.35,206.99,202.16,206.09,101010621,204.8625636009,206.498670756,201.6801356589,205.6008070733,101010621,0.0,1.0
2025-05-05T00:00:00.000Z,198.89,204.1,198.21,203.1,69018452,198.4178976118,203.6155307083,197.7395117182,202.6179043942,69018452,0.0,1.0
2025-05-06T00:00:00.000Z,198.51,200.65,197.02,198.21,51216482,198.0387996124,200.1737199246,196.5523364044,197.7395117182,51216482,0.0,1.0
2025-05-07T00:00:00.000Z,196.25,199.44,193.25,199.17,68616943,195.7841641426,198.9665920846,192.7912852003,198.6972329797,68616943,0.0,1.0
2025-05-08T00:00:00.000Z,197.49,200.05,194.6796,197.72,50478872,197.021220772,199.5751441362,194.2174917789,197.2506748243,50478872,0.0,1.0
2025-05-09T00:00:00.000Z,198.53,200.5399,197.535,199.0,36453923,198.0587521387,200.0638812674,197.0661139562,198.5276365063,36453923,0.0,1.0
2025-05-12T00:00:00.000Z,210.79,211.2679,206.75,210.97,63775814,210.5490335913,211.0263872758,206.5136519522,210.7288278227,63775814,0.26,1.0
2025-05-13T00:00:00.000Z,212.93,213.4,209.0,210.43,51909332,212.6865872318,213.1560499472,208.7610798452,210.1894451284,51909332,0.0,1.0
2025-05-14T00:00:00.000Z,212.33,213.94,210.5801,212.43,49325825,212.087273127,213.6954326416,210.3393735403,212.1871588111,49325825,0.0,1.0
2025-05-15T00:00:00.000Z,211.45,212.96,209.54,210.95,45029473,211.2082791066,212.716552937,209.3004625396,210.7088506859,45029473,0.0,1.0
2025-05-16T00:00:00.000Z,211.26,212.57,209.77,212.36,54737850,211.0184963067,212.3269987689,209.5301996131,212.1172388322,54737850,0.0,1.0
2025-05-19T00:00:00.000Z,208.78,209.48,204.26,207.91,46140527,208.5413313401,209.2405311291,204.0264984172,207.6723258881,46140527,0.0,1.0
2025-05-20T00:00:00.000Z,206.86,208.47,205.03,207.67,42496635,206.6235262047,208.2316857193,204.795618185,207.4326002462,42496635,0.0,1.0
2025-05-21T00:00:00.000Z,202.09,207.04,200.71,205.17,59211774,201.8589790714,206.8033204362,200.4805566303,204.9354581428,59211774,0.0,1.0
2025-05-22T00:00:00.000Z,201.36,202.75,199.7,200.71,46742407,201.1298135772,202.5182245867,199.4717112205,200.4805566303,46742407,0.0,1.0
2025-05-23T00:00:00.000Z,195.27,197.7,193.46,193.665,78432918,195.0467754133,197.4739975378,193.2388445304,193.4436101829,78432918,0.0,1.0
2025-05-27T00:00:00.000Z,200.21,200.74,197.43,198.3,56288475,199.9811282096,200.5105223356,197.2043061906,198.0733116426,56288475,0.0,1.0
2025-05-28T00:00:00.000Z,200.42,202.73,199.9,200.59,45339678,200.1908881463,202.4982474499,199.6714825888,200.3606938094,45339678,0.0,1.0
2025-05-29T00:00:00.000Z,199.95,203.81,198.51,203.575,51477938,199.7214254309,203.5770128386,198.2830715793,203.3422814808,51477938,0.0,1.0
2025-05-30T00:00:00.000Z,200.85,201.96,196.78,199.37,70819942,200.6203965881,201.729127682,196.5550492438,199.1420884629,70819942,0.0,1.0
2025-06-02T00:00:00.000Z,201.7,202.13,200.12,200.28,35423294,201.4694249033,201.8989333451,199.8912310939,200.0510481885,35423294,0.0,1.0
2025-06-03T00:00:00.000Z,203.27,203.77,200.955,201.35,46381567,203.0376301442,203.5370585649,200.7252765565,201.1198250088,46381567,0.0,1.0
2025-06-04T00:00:00.000Z,202.82,206.24,202.1,202.91,43603985,202.5881445656,206.0042349631,201.8689676398,202.6780416813,43603985,0.0,1.0
2025-06-05T00:00:00.000Z,200.63,204.75,200.15,203.5,55221235,200.400648083,204.5159382694,199.9211967992,203.2673672177,55221235,0.0,1.0
2025-06-06T00:00:00.000Z,203.92,205.7,202.05,203.0,46607693,203.6868870911,205.4648522687,201.8190247977,202.767938797,46607693,0.0,1.0
2025-06-09T00:00:00.000Z,201.45,206.0,200.02,204.39,72862557,201.2197106929,205.7645093211,199.7913454098,204.1563498065,72862557,0.0,1.0
2025-06-10T00:00:00.000Z,202.67,204.35,200.57,200.6,54672608,202.4383160394,204.1163955329,200.3407166725,200.3706823778,54672608,0.0,1.0
2025-06-11T00:00:00.000Z,198.78,204.5,198.41,203.5,60989857,198.5527629265,204.2662240591,198.1831858952,203.2673672177,60989857,0.0,1.0
2025-06-12T00:00:00.000Z,199.2,199.68,197.3601,199.08,43904635,198.9722827999,199.4517340837,197.1344860974,198.8524199789,43904635,0.0,1.0
2025-06-13T00:00:00.000Z,196.45,200.37,195.7,199.73,51447349,196.2254264861,200.1409453043,195.4762838551,199.5016769258,51447349,0.0,1.0
2025-06-16T00:00:00.000Z,198.42,198.685,196.5636,197.3,43020691,198.1931744636,198.4578715266,196.3388966233,197.0744548013,43020691,0.0,1.0
2025-06-17T00:00:00.000Z,195.64,198.39,195.21,197.2,38856152,195.4163524446,198.1632087584,194.9868440028,196.9745691171,38856152,0.0,1.0
2025-06-18T00:00:00.000Z,196.58,197.57,195.07,195.94,45394689,196.3552778755,197.3441461484,194.847004045,195.716009497,45394689,0.0,1.0
2025-06-20T00:00:00.000Z,201.0,201.7,196.855,198.235,96813542,200.7702251143,201.4694249033,196.6299635069,198.0083859479,96813542,0.0,1.0
2025-06-23T00:00:00.000Z,201.5,202.3,198.96,201.625,55814272,201.269653535,202.0687390081,198.7325571579,201.3945106402,55814272,0.0,1.0
2025-06-24T00:00:00.000Z,200.3,203.44,200.2,202.59,54064033,200.0710253254,203.2074358072,199.9711396412,202.3584074921,54064033,0.0,1.0
2025-06-25T00:00:00.000Z,201.56,203.67,200.6201,201.45,39525730,201.3295849455,203.4371728808,200.3907594003,201.2197106929,39525730,0.0,1.0
2025-06-26T00:00:00.000Z,201.0,202.64,199.46,201.43,50799121,200.7702251143,202.4083503342,199.2319855786,201.1997335561,50799121,0.0,1.0
2025-06-27T00:00:00.000Z,201.08,203.22,200.0,201.89,73188571,200.8501336616,202.9876873021,199.771368273,201.6592077031,73188571,0.0,1.0
2025-06-30T00:00:00.000Z,205.17,207.39,199.2607,202.01,91912816,204.9354581428,207.1529203306,199.0329134101,201.7790705241,91912816,0.0,1.0
2025-07-01T00:00:00.000Z,207.82,210.1865,206.1401,206.665,78788867,207.5824287724,209.9462234875,205.9044491646,206.4287491206,78788867,0.0,1.0
2025-07-02T00:00:00.000Z,212.44,213.34,208.14,208.91,67941811,212.1971473795,213.0961185368,207.9020629617,208.6711827295,67941811,0.0,1.0
2025-07-03T00:00:00.000Z,213.55,214.65,211.8101,212.145,34955836,213.3058784734,214.4046209989,211.5679674552,211.9024846113,34955836,0.0,1.0
2025-07-07T00:00:00.000Z,209.95,216.23,208.8,212.68,50228984,209.7099938445,215.9828148083,208.561308477,212.4368730215,50228984,0.0,1.0
2025-07-08T00:00:00.000Z,210.01,211.43,208.45,210.1,42848928,209.769925255,211.1883019698,208.2117085825,209.8598223707,42848928,0.0,1.0
2025-07-09T00:00:00.000Z,211.14,211.33,207.22,209.53,48749367,210.8986334858,211.0884162856,206.9831146676,209.2904739712,48749367,0.0,1.0
2025-07-10T00:00:00.000Z,212.41,213.48,210.03,210.505,44443635,212.1671816743,213.2359584945,209.7899023918,210.2643593915,44443635,0.0,1.0
2025-07-11T00:00:00.000Z,211.16,212.13,209.86,210.565,39765812,210.9186106226,211.8875017587,209.6200967288,210.324290802,39765812,0.0,1.0
2025-07-14T00:00:00.000Z,208.62,210.91,207.54,209.925,38840111,208.3815142455,210.6688964122,207.3027488568,209.6850224235,38840111,0.0,1.0
2025-07-15T00:00:00.000Z,209.11,211.89,208.92,209.22,42296339,208.8709540978,211.6477761168,208.6811712979,208.9808283503,42296339,0.0,1.0
2025-07-16T00:00:00.000Z,210.16,212.4,208.64,210.295,47490532,209.9197537812,212.1571931059,208.4014913823,210.0545994548,47490532,0.0,1.0
2025-07-17T00:00:00.000Z,210.02,211.8,209.59,210.57,48068141,209.7799138234,211.5578790011,209.3504053816,210.3292850862,48068141,0.0,1.0
2025-07-18T00:00:00.000Z,211.18,211.79,209.7045,210.87,48974591,210.9385877594,211.5478904326,209.46477449,210.6289421386,48974591,0.0,1.0
2025-07-21T00:00:00.000Z,212.48,215.78,211.63,212.1,51377434,212.2371016532,215.5333292297,211.388073338,211.8575360535,51377434,0.0,1.0
2025-07-22T00:00:00.000Z,214.4,214.95,212.2301,213.14,46404072,214.1549067886,214.7042780514,211.9874873285,212.8963471685,46404072,0.0,1.0
2025-07-23T00:00:00.000Z,214.15,215.15,212.41,215.0,46989301,213.9051925783,214.9040494196,212.1671816743,214.7542208934,46989301,0.0,1.0
2025-07-24T00:00:00.000Z,213.76,215.69,213.53,213.9,46022620,213.5156384101,215.443432114,213.2859013366,213.6554783679,46022620,0.0,1.0
2025-07-25T00:00:00.000Z,213.88,215.24,213.4,214.7,40268781,213.6355012311,214.9939465354,213.1560499472,214.454563841,40268781,0.0,1.0
2025-07-28T00:00:00.000Z,214.05,214.845,213.06,214.03,37858017,213.8053068941,214.599398083,212.8164386212,213.7853297573,37858017,0.0,1.0
2025-07-29T00:00:00.000Z,211.27,214.81,210.82,214.175,51411723,211.0284848751,214.5644380936,210.5789992965,213.9301639993,51411723,0.0,1.0
2025-07-30T00:00:00.000Z,209.05,212.39,207.72,211.895,45512514,208.8110226873,212.1472045375,207.4825430883,211.652770401,45512514,0.0,1.0
2025-07-31T00:00:00.000Z,207.57,209.84,207.16,208.49,80698431,207.3327145621,209.600119592,206.9231832571,208.2516628561,80698431,0.0,1.0
2025-08-01T00:00:00.000Z,202.38,213.58,201.5,210.865,104434473,202.1486475554,213.3358441787,201.269653535,210.6239478544,104434473,0.0,1.0
2025-08-04T00:00:00.000Z,203.35,207.88,201.675,204.505,75109298,203.1175386915,207.6423601829,201.4444534822,204.2712183433,75109298,0.0,1.0
2025-08-05T00:00:00.000Z,202.92,205.34,202.16,203.4,44155079,202.6880302497,205.1052638058,201.9288990503,203.1674815336,44155079,0.0,1.0
2025-08-06T00:00:00.000Z,213.25,215.38,205.59,205.63,108483103,213.006221421,215.1337864931,205.3549780162,205.3949322898,108483103,0.0,1.0
2025-08-07T00:00:00.000Z,220.03,220.85,216.58,218.875,90224834,219.7784708055,220.5975334154,216.3324147028,218.6247911537,90224834,0.0,1.0
2025-08-08T00:00:00.000Z,229.35,231.0,219.25,220.83,113853967,229.087816567,230.7359303553,218.9993624692,220.5775562786,113853967,0.0,1.0
2025-08-11T00:00:00.000Z,227.18,229.56,224.76,227.92,61806132,227.18,229.56,224.76,227.92,61806132,0.26,1.0
2025-08-12T00:00:00.000Z,229.65,230.8,227.07,228.005,55672301,229.65,230.8,227.07,228.005,55672301,0.0,1.0
2025-08-13T00:00:00.000Z,233.33,235.0,230.43,231.07,69878546,233.33,235.0,230.43,231.07,69878546,0.0,1.0
2025-08-14T00:00:00.000Z,232.78,235.12,230.85,234.055,51916275,232.78,235.12,230.85,234.055,51916275,0.0,1.0
2025-08-15T00:00:00.000Z,231.59,234.28,229.335,234.0,56038657,231.59,234.28,229.335,234.0,56038657,0.0,1.0
2025-08-18T00:00:00.000Z,230.89,233.12,230.11,231.7,37476188,230.89,233.12,230.11,231.7,37476188,0.0,1.0
2025-08-19T00:00:00.000Z,230.56,232.87,229.35,231.275,39402564,230.56,232.87,229.35,231.275,39402564,0.0,1.0
2025-08-20T00:00:00.000Z,226.01,230.47,225.77,229.98,42263865,226.01,230.47,225.77,229.98,42263865,0.0,1.0
2025-08-21T00:00:00.000Z,224.9,226.52,223.7804,226.27,30621249,224.9,226.52,223.7804,226.27,30621249,0.0,1.0
2025-08-22T00:00:00.000Z,227.76,229.09,225.41,226.17,42477811,227.76,229.09,225.41,226.17,42477811,0.0,1.0
2025-08-25T00:00:00.000Z,227.16,229.3,226.23,226.48,30983133,227.16,229.3,226.23,226.48,30983133,0.0,1.0
2025-08-26T00:00:00.000Z,229.31,229.49,224.69,226.87,54575107,229.31,229.49,224.69,226.87,54575107,0.0,1.0
2025-08-27T00:00:00.000Z,230.49,230.9,228.26,228.61,31259513,230.49,230.9,228.26,228.61,31259513,0.0,1.0
2025-08-28T00:00:00.000Z,232.56,233.41,229.335,230.82,38074700,232.56,233.41,229.335,230.82,38074700,0.0,1.0
2025-08-29T00:00:00.000Z,232.14,233.38,231.37,232.51,39418437,232.14,233.38,231.37,232.51,39418437,0.0,1.0
2025-09-02T00:00:00.000Z,229.72,230.85,226.97,229.25,44075638,229.72,230.85,226.97,229.25,44075638,0.0,1.0
2025-09-03T00:00:00.000Z,238.47,238.85,234.36,237.21,66061716,238.47,238.85,234.36,237.21,66061716,0.0,1.0
2025-09-04T00:00:00.000Z,239.78,239.8999,236.74,238.45,47549429,239.78,239.8999,236.74,238.45,47549429,0.0,1.0
2025-09-05T00:00:00.000Z,239.69,241.32,238.4901,239.995,54870397,239.69,241.32,238.4901,239.995,54870397,0.0,1.0
2025-09-08T00:00:00.000Z,237.88,240.15,236.34,239.3,48999495,237.88,240.15,236.34,239.3,48999495,0.0,1.0
2025-09-09T00:00:00.000Z,234.35,238.7805,233.36,237.0,66313918,234.35,238.7805,233.36,237.0,66313918,0.0,1.0
2025-09-10T00:00:00.000Z,226.79,232.42,225.95,232.185,83440810,226.79,232.42,225.95,232.185,83440810,0.0,1.0
2025-09-11T00:00:00.000Z,230.03,230.45,226.65,226.875,50208578,230.03,230.45,226.65,226.875,50208578,0.0,1.0
2025-09-12T00:00:00.000Z,234.07,234.51,229.02,229.22,55824216,234.07,234.51,229.02,229.22,55824216,0.0,1.0
2025-09-15T00:00:00.000Z,236.7,238.19,235.03,237.0,42699524,236.7,238.19,235.03,237.0,42699524,0.0,1.0
2025-09-16T00:00:00.000Z,238.15,241.22,236.3235,237.175,63421099,238.15,241.22,236.3235,237.175,63421099,0.0,1.0
2025-09-17T00:00:00.000Z,238.99,240.1,237.7301,238.97,46508017,238.99,240.1,237.7301,238.97,46508017,0.0,1.0
2025-09-18T00:00:00.000Z,237.88,241.2,236.65,239.97,44249576,237.88,241.2,236.65,239.97,44249576,0.0,1.0
2025-09-19T00:00:00.000Z,245.5,246.3,240.2106,241.225,163741314,245.5,246.3,240.2106,241.225,163741314,0.0,1.0
2025-09-22T00:00:00.000Z,256.08,256.64,248.12,248.3,105517416,256.08,256.64,248.12,248.3,105517416,0.0,1.0
2025-09-23T00:00:00.000Z,254.43,257.34,253.58,255.875,60275187,254.43,257.34,253.58,255.875,60275187,0.0,1.0
2025-09-24T00:00:00.000Z,252.31,255.74,251.04,255.22,42303710,252.31,255.74,251.04,255.22,42303710,0.0,1.0
2025-09-25T00:00:00.000Z,256.87,257.17,251.712,253.205,55202075,256.87,257.17,251.712,253.205,55202075,0.0,1.0
2025-09-26T00:00:00.000Z,255.46,257.6,253.78,254.095,46076258,255.46,257.6,253.78,254.095,46076258,0.0,1.0
2025-09-29T00:00:00.000Z,254.43,255.0,253.01,254.56,40127687,254.43,255.0,253.01,254.56,40127687,0.0,1.0
2025-09-30T00:00:00.000Z,254.63,255.919,253.11,254.855,37704259,254.63,255.919,253.11,254.855,37704259,0.0,1.0
2025-10-01T00:00:00.000Z,255.45,258.79,254.93,255.04,48713940,255.45,258.79,254.93,255.04,48713940,0.0,1.0
2025-10-02T00:00:00.000Z,257.13,258.18,254.15,256.575,42630239,257.13,258.18,254.15,256.575,42630239,0.0,1.0
2025-10-03T00:00:00.000Z,258.02,259.24,253.95,254.665,49155614,258.02,259.24,253.95,254.665,49155614,0.0,1.0
2025-10-06T00:00:00.000Z,256.69,259.07,255.05,257.99,44664118,256.69,259.07,255.05,257.99,44664118,0.0,1.0
2025-10-07T00:00:00.000Z,256.48,257.4,255.43,256.805,31955776,256.48,257.4,255.43,256.805,31955776,0.0,1.0
2025-10-08T00:00:00.000Z,258.06,258.52,256.11,256.52,36496895,258.06,258.52,256.11,256.52,36496895,0.0,1.0
2025-10-09T00:00:00.000Z,254.04,258.0,253.14,257.805,38322012,254.04,258.0,253.14,257.805,38322012,0.0,1.0
2025-10-10T00:00:00.000Z,245.27,256.38,244.0,254.94,61999098,245.27,256.38,244.0,254.94,61999098,0.0,1.0
2025-10-13T00:00:00.000Z,247.66,249.69,245.56,249.38,38142942,247.66,249.69,245.56,249.38,38142942,0.0,1.0
2025-10-14T00:00:00.000Z,247.77,248.845,244.7,246.6,35477986,247.77,248.845,244.7,246.6,35477986,0.0,1.0
2025-10-15T00:00:00.000Z,249.34,251.82,247.47,249.485,33893611,249.34,251.82,247.47,249.485,33893611,0.0,1.0
2025-10-16T00:00:00.000Z,247.45,249.04,245.13,248.25,39776974,247.45,249.04,245.13,248.25,39776974,0.0,1.0
2025-10-17T00:00:00.000Z,252.29,253.38,247.27,248.02,49146961,252.29,253.38,247.27,248.02,49146961,0.0,1.0
2025-10-20T00:00:00.000Z,262.24,264.375,255.63,255.885,90483029,262.24,264.375,255.63,255.885,90483029,0.0,1.0
2025-10-21T00:00:00.000Z,262.77,265.29,261.83,261.88,46695948,262.77,265.29,261.83,261.88,46695948,0.0,1.0
2025-10-22T00:00:00.000Z,258.45,262.85,255.43,262.65,45015254,258.45,262.85,255.43,262.65,45015254,0.0,1.0
2025-10-23T00:00:00.000Z,259.58,260.62,258.0101,259.94,32754941,259.58,260.62,258.0101,259.94,32754941,0.0,1.0
2025-10-24T00:00:00.000Z,262.82,264.13,259.18,261.19,38253717,262.82,264.13,259.18,261.19,38253717,0.0,1.0
2025-10-27T00:00:00.000Z,268.81,269.12,264.6501,264.88,44888152,268.81,269.12,264.6501,264.88,44888152,0.0,1.0
2025-10-28T00:00:00.000Z,269.0,269.89,268.15,268.985,41534759,269.0,269.89,268.15,268.985,41534759,0.0,1.0
2025-10-29T00:00:00.000Z,269.7,271.41,267.11,269.275,51086742,269.7,271.41,267.11,269.275,51086742,0.0,1.0
2025-10-30T00:00:00.000Z,271.4,274.14,268.48,271.99,69886534,271.4,274.14,268.48,271.99,69886534,0.0,1.0
